Paquete,base,StableDif,bigquery,bipic,blablacar,crewai,django,eda_dataprep,flowise,hispasonic,jupyterbook,kaggle,perception_scraper,praisonai,report_generator,rstudio,sonus,sqlite,synth_data,tf_env,time_series
absl-py,❌,❌,❌,❌,❌,❌,❌,❌,❌,❌,❌,❌,❌,❌,❌,❌,❌,❌,❌,✅,❌
accessible-pygments,❌,❌,❌,❌,❌,❌,❌,❌,❌,❌,✅,❌,❌,❌,❌,❌,❌,❌,❌,❌,❌
aiofiles,❌,❌,❌,❌,❌,❌,❌,✅,❌,❌,❌,❌,❌,❌,❌,❌,❌,❌,❌,❌,❌
aiohappyeyeballs,❌,❌,✅,✅,❌,❌,❌,❌,❌,❌,❌,❌,❌,❌,❌,❌,❌,❌,❌,❌,❌
aiohttp,❌,❌,✅,✅,❌,❌,❌,✅,❌,❌,❌,❌,❌,❌,❌,❌,❌,❌,❌,❌,❌
aiosignal,❌,❌,✅,✅,❌,❌,❌,❌,❌,❌,❌,❌,❌,❌,❌,❌,❌,❌,❌,❌,❌
aiosqlite,❌,❌,❌,❌,❌,❌,❌,✅,❌,❌,❌,❌,❌,❌,❌,❌,❌,❌,❌,❌,❌
alabaster,❌,❌,❌,❌,❌,❌,❌,❌,❌,❌,✅,❌,❌,❌,❌,❌,❌,❌,❌,❌,❌
alsa-lib,❌,❌,❌,❌,❌,❌,❌,❌,❌,❌,❌,✅,✅,❌,❌,❌,❌,❌,❌,❌,❌
amqp,❌,❌,❌,❌,❌,❌,❌,✅,❌,❌,❌,❌,❌,❌,❌,❌,❌,❌,❌,❌,❌
anaconda-anon-usage,✅,❌,❌,❌,❌,❌,❌,❌,❌,❌,❌,❌,❌,❌,❌,❌,❌,❌,❌,❌,❌
annotated-types,✅,❌,❌,❌,❌,❌,❌,❌,❌,❌,❌,✅,❌,❌,❌,❌,❌,❌,❌,❌,❌
anyio,❌,❌,❌,✅,❌,❌,❌,✅,❌,✅,❌,✅,✅,❌,❌,✅,✅,❌,❌,✅,❌
appdirs,❌,❌,❌,❌,❌,❌,❌,❌,❌,✅,❌,❌,✅,❌,❌,❌,❌,❌,❌,❌,❌
archspec,✅,❌,❌,❌,❌,❌,❌,❌,❌,❌,❌,❌,❌,❌,❌,❌,❌,✅,❌,❌,❌
argon2-cffi,❌,❌,❌,✅,❌,❌,❌,✅,❌,✅,❌,✅,✅,❌,❌,✅,✅,❌,❌,✅,❌
argon2-cffi-bindings,❌,❌,❌,✅,❌,❌,❌,✅,❌,✅,❌,✅,✅,❌,❌,✅,✅,❌,❌,✅,❌
array-record,❌,❌,❌,❌,❌,❌,❌,❌,❌,❌,❌,❌,❌,❌,❌,❌,❌,❌,❌,✅,❌
arrow,❌,❌,❌,❌,❌,❌,❌,✅,❌,❌,✅,✅,❌,❌,❌,✅,✅,❌,❌,❌,❌
arrow-cpp,❌,❌,✅,❌,❌,❌,❌,❌,❌,❌,❌,❌,❌,❌,❌,❌,❌,❌,❌,❌,❌
asgiref,❌,❌,❌,❌,❌,❌,✅,❌,❌,❌,❌,❌,❌,❌,❌,❌,❌,❌,❌,❌,❌
asttokens,❌,❌,✅,✅,❌,❌,❌,✅,❌,✅,✅,✅,✅,❌,❌,✅,✅,❌,❌,✅,❌
astunparse,❌,❌,❌,❌,❌,❌,❌,❌,❌,❌,❌,❌,❌,❌,❌,❌,❌,❌,❌,✅,❌
async_generator,❌,❌,❌,❌,❌,❌,❌,❌,❌,✅,❌,❌,❌,❌,❌,❌,❌,❌,❌,❌,❌
async-lru,❌,❌,❌,✅,❌,❌,❌,✅,❌,❌,❌,✅,✅,❌,❌,✅,✅,❌,❌,✅,❌
async-timeout,❌,❌,✅,❌,❌,❌,❌,✅,❌,❌,❌,❌,❌,❌,❌,❌,❌,❌,❌,❌,❌
atk-1.0,❌,❌,❌,❌,❌,❌,❌,❌,❌,❌,❌,✅,❌,❌,❌,❌,❌,❌,❌,❌,❌
attr,❌,❌,❌,❌,❌,❌,❌,❌,❌,❌,❌,✅,❌,❌,❌,❌,❌,❌,❌,❌,❌
attrs,❌,❌,✅,✅,❌,❌,❌,✅,❌,✅,✅,✅,✅,❌,❌,✅,✅,❌,❌,✅,❌
automat,❌,❌,❌,❌,❌,❌,❌,❌,❌,✅,❌,❌,✅,❌,❌,❌,❌,❌,❌,❌,❌
aws-c-auth,❌,❌,✅,❌,❌,❌,❌,❌,❌,❌,❌,❌,❌,❌,❌,❌,❌,❌,❌,❌,❌
aws-c-cal,❌,❌,✅,❌,❌,❌,❌,❌,❌,❌,❌,❌,❌,❌,❌,❌,❌,❌,❌,❌,❌
aws-c-common,❌,❌,✅,❌,❌,❌,❌,❌,❌,❌,❌,❌,❌,❌,❌,❌,❌,❌,❌,❌,❌
aws-c-compression,❌,❌,✅,❌,❌,❌,❌,❌,❌,❌,❌,❌,❌,❌,❌,❌,❌,❌,❌,❌,❌
aws-c-event-stream,❌,❌,✅,❌,❌,❌,❌,❌,❌,❌,❌,❌,❌,❌,❌,❌,❌,❌,❌,❌,❌
aws-checksums,❌,❌,✅,❌,❌,❌,❌,❌,❌,❌,❌,❌,❌,❌,❌,❌,❌,❌,❌,❌,❌
aws-c-http,❌,❌,✅,❌,❌,❌,❌,❌,❌,❌,❌,❌,❌,❌,❌,❌,❌,❌,❌,❌,❌
aws-c-io,❌,❌,✅,❌,❌,❌,❌,❌,❌,❌,❌,❌,❌,❌,❌,❌,❌,❌,❌,❌,❌
aws-c-mqtt,❌,❌,✅,❌,❌,❌,❌,❌,❌,❌,❌,❌,❌,❌,❌,❌,❌,❌,❌,❌,❌
aws-crt-cpp,❌,❌,✅,❌,❌,❌,❌,❌,❌,❌,❌,❌,❌,❌,❌,❌,❌,❌,❌,❌,❌
aws-c-s3,❌,❌,✅,❌,❌,❌,❌,❌,❌,❌,❌,❌,❌,❌,❌,❌,❌,❌,❌,❌,❌
aws-c-sdkutils,❌,❌,✅,❌,❌,❌,❌,❌,❌,❌,❌,❌,❌,❌,❌,❌,❌,❌,❌,❌,❌
aws-sdk-cpp,❌,❌,✅,❌,❌,❌,❌,❌,❌,❌,❌,❌,❌,❌,❌,❌,❌,❌,❌,❌,❌
babel,❌,❌,❌,✅,❌,❌,❌,✅,❌,✅,✅,✅,✅,❌,❌,✅,✅,❌,❌,✅,❌
backcall,❌,❌,❌,❌,❌,❌,❌,✅,❌,✅,❌,✅,❌,❌,❌,✅,❌,❌,❌,✅,❌
backports,❌,❌,❌,❌,❌,❌,❌,✅,❌,❌,❌,✅,❌,❌,❌,❌,❌,❌,❌,❌,❌
backports.functools_lru_cache,❌,❌,❌,❌,❌,❌,❌,✅,❌,❌,❌,✅,❌,❌,❌,❌,❌,❌,❌,❌,❌
backports.zoneinfo,❌,❌,❌,❌,❌,❌,✅,❌,❌,❌,❌,❌,❌,❌,❌,❌,❌,❌,❌,❌,❌
bcrypt,❌,❌,❌,❌,❌,❌,❌,❌,❌,✅,❌,❌,✅,❌,❌,❌,❌,❌,❌,❌,❌
beautifulsoup4,❌,❌,❌,✅,❌,❌,❌,✅,❌,✅,✅,✅,✅,❌,❌,✅,✅,❌,❌,✅,❌
bigquery-magics,❌,❌,✅,❌,❌,❌,❌,❌,❌,❌,❌,❌,❌,❌,❌,❌,❌,❌,❌,❌,❌
billiard,❌,❌,❌,❌,❌,❌,❌,✅,❌,❌,❌,❌,❌,❌,❌,❌,❌,❌,❌,❌,❌
binaryornot,❌,❌,❌,❌,❌,❌,❌,❌,❌,❌,✅,❌,❌,❌,❌,❌,❌,❌,❌,❌,❌
blas,❌,❌,✅,✅,❌,❌,❌,❌,❌,✅,❌,✅,❌,❌,❌,❌,❌,❌,❌,✅,❌
bleach,❌,❌,❌,✅,❌,❌,❌,✅,❌,✅,❌,✅,✅,❌,❌,✅,✅,❌,❌,✅,❌
blinker,❌,❌,✅,✅,✅,❌,❌,❌,❌,✅,❌,❌,❌,❌,❌,❌,❌,❌,❌,❌,❌
blosc,❌,❌,✅,❌,❌,❌,❌,❌,❌,❌,❌,❌,❌,❌,❌,❌,❌,❌,❌,❌,❌
bokeh,❌,❌,❌,❌,❌,❌,❌,✅,❌,❌,❌,❌,❌,❌,❌,❌,❌,❌,❌,❌,❌
boltons,✅,❌,❌,❌,❌,❌,❌,❌,❌,❌,❌,❌,❌,❌,❌,✅,❌,✅,❌,❌,❌
boost-cpp,❌,❌,✅,❌,❌,❌,❌,❌,❌,❌,❌,❌,❌,❌,❌,❌,❌,❌,❌,❌,❌
bottleneck,❌,❌,✅,✅,❌,❌,❌,✅,❌,✅,❌,❌,❌,❌,❌,❌,❌,❌,❌,❌,❌
branca,❌,❌,✅,❌,❌,❌,❌,❌,❌,❌,❌,❌,❌,❌,❌,❌,❌,❌,❌,❌,❌
brotli,❌,❌,✅,❌,❌,❌,❌,✅,❌,❌,❌,✅,❌,❌,❌,❌,❌,❌,❌,❌,❌
brotli-bin,❌,❌,✅,❌,❌,❌,❌,✅,❌,❌,❌,✅,❌,❌,❌,❌,❌,❌,❌,❌,❌
brotlipy,❌,❌,❌,❌,❌,❌,❌,❌,❌,✅,❌,❌,❌,❌,❌,❌,❌,❌,❌,❌,❌
brotli-python,✅,❌,✅,✅,✅,❌,❌,✅,❌,❌,✅,✅,✅,❌,❌,✅,✅,✅,❌,✅,❌
bzip2,✅,❌,✅,✅,✅,❌,✅,✅,✅,❌,✅,✅,✅,✅,❌,✅,✅,✅,❌,❌,❌
ca-certificates,✅,❌,✅,✅,✅,❌,✅,✅,✅,✅,✅,✅,✅,✅,❌,✅,✅,✅,❌,✅,❌
cached-property,❌,❌,❌,❌,❌,❌,❌,✅,❌,❌,❌,✅,❌,❌,❌,❌,✅,❌,❌,❌,❌
cached_property,❌,❌,❌,❌,❌,❌,❌,✅,❌,❌,❌,✅,❌,❌,❌,❌,✅,❌,❌,❌,❌
cachetools,❌,❌,✅,✅,❌,❌,❌,❌,❌,❌,❌,❌,❌,❌,❌,❌,❌,❌,❌,✅,❌
cairo,❌,❌,✅,❌,❌,❌,❌,❌,❌,❌,❌,✅,✅,❌,❌,❌,❌,❌,❌,❌,❌
c-ares,✅,❌,✅,❌,❌,❌,❌,❌,❌,❌,❌,✅,❌,❌,❌,✅,❌,✅,❌,❌,❌
catalogue,❌,❌,❌,❌,❌,❌,❌,❌,❌,❌,❌,✅,❌,❌,❌,❌,❌,❌,❌,❌,❌
category_encoders,❌,❌,❌,❌,❌,❌,❌,❌,❌,✅,❌,❌,❌,❌,❌,❌,❌,❌,❌,❌,❌
celery,❌,❌,❌,❌,❌,❌,❌,✅,❌,❌,❌,❌,❌,❌,❌,❌,❌,❌,❌,❌,❌
certifi,✅,❌,✅,✅,✅,❌,❌,✅,❌,✅,✅,✅,✅,❌,❌,✅,✅,✅,❌,✅,❌
cffi,✅,❌,✅,✅,❌,❌,❌,✅,❌,✅,❌,✅,✅,❌,❌,✅,✅,✅,❌,✅,❌
cfitsio,❌,❌,✅,❌,❌,❌,❌,❌,❌,❌,❌,❌,❌,❌,❌,❌,❌,❌,❌,❌,❌
chardet,❌,❌,❌,✅,❌,❌,❌,✅,❌,❌,✅,❌,❌,❌,❌,❌,❌,❌,❌,❌,❌
charset-normalizer,✅,❌,✅,✅,✅,❌,❌,✅,❌,✅,✅,✅,✅,❌,❌,✅,✅,✅,❌,✅,❌
click,❌,❌,✅,✅,✅,❌,❌,✅,❌,✅,✅,✅,❌,❌,❌,❌,❌,❌,❌,✅,❌
click-didyoumean,❌,❌,❌,❌,❌,❌,❌,✅,❌,❌,❌,❌,❌,❌,❌,❌,❌,❌,❌,❌,❌
click-plugins,❌,❌,✅,❌,❌,❌,❌,✅,❌,❌,❌,❌,❌,❌,❌,❌,❌,❌,❌,❌,❌
click-repl,❌,❌,❌,❌,❌,❌,❌,✅,❌,❌,❌,❌,❌,❌,❌,❌,❌,❌,❌,❌,❌
cligj,❌,❌,✅,❌,❌,❌,❌,❌,❌,❌,❌,❌,❌,❌,❌,❌,❌,❌,❌,❌,❌
cloudpathlib,❌,❌,❌,❌,❌,❌,❌,❌,❌,❌,❌,✅,❌,❌,❌,❌,❌,❌,❌,❌,❌
cloudpickle,❌,❌,❌,❌,❌,❌,❌,✅,❌,❌,❌,❌,❌,❌,❌,❌,❌,❌,❌,❌,❌
colorama,❌,❌,❌,❌,❌,❌,❌,✅,❌,❌,✅,✅,❌,❌,❌,✅,❌,✅,❌,❌,❌
comm,❌,❌,✅,✅,❌,❌,❌,✅,❌,❌,✅,✅,✅,❌,❌,✅,✅,❌,❌,✅,❌
conda,✅,❌,❌,❌,❌,❌,❌,❌,❌,❌,❌,❌,❌,❌,❌,❌,❌,❌,❌,❌,❌
conda-anaconda-telemetry,✅,❌,❌,❌,❌,❌,❌,❌,❌,❌,❌,❌,❌,❌,❌,❌,❌,❌,❌,❌,❌
conda-anaconda-tos,✅,❌,❌,❌,❌,❌,❌,❌,❌,❌,❌,❌,❌,❌,❌,❌,❌,❌,❌,❌,❌
conda-content-trust,✅,❌,❌,❌,❌,❌,❌,❌,❌,❌,❌,❌,❌,❌,❌,❌,❌,❌,❌,❌,❌
conda-libmamba-solver,✅,❌,❌,❌,❌,❌,❌,❌,❌,❌,❌,❌,❌,❌,❌,❌,❌,❌,❌,❌,❌
conda-package-handling,✅,❌,❌,❌,❌,❌,❌,❌,❌,❌,❌,❌,❌,❌,❌,✅,❌,✅,❌,❌,❌
conda-package-streaming,✅,❌,❌,❌,❌,❌,❌,❌,❌,❌,❌,❌,❌,❌,❌,✅,❌,✅,❌,❌,❌
confection,❌,❌,❌,❌,❌,❌,❌,❌,❌,❌,❌,✅,❌,❌,❌,❌,❌,❌,❌,❌,❌
constantly,❌,❌,❌,❌,❌,❌,❌,❌,❌,✅,❌,❌,✅,❌,❌,❌,❌,❌,❌,❌,❌
contourpy,❌,❌,✅,❌,❌,❌,❌,❌,❌,❌,✅,✅,✅,❌,❌,❌,❌,❌,❌,❌,❌
cookiecutter,❌,❌,❌,❌,❌,❌,❌,❌,❌,❌,✅,❌,❌,❌,❌,❌,❌,❌,❌,❌,❌
courlan,❌,❌,❌,✅,❌,❌,❌,❌,❌,❌,❌,❌,❌,❌,❌,❌,❌,❌,❌,❌,❌
cpp-expected,✅,❌,❌,❌,❌,❌,❌,❌,❌,❌,❌,❌,❌,❌,❌,❌,❌,❌,❌,❌,❌
cryptography,✅,❌,✅,✅,❌,❌,❌,❌,❌,✅,❌,❌,✅,❌,❌,✅,❌,❌,❌,❌,❌
cssselect,❌,❌,❌,✅,❌,❌,❌,❌,❌,✅,❌,❌,✅,❌,❌,❌,❌,❌,❌,❌,❌
curlify,❌,❌,❌,✅,❌,❌,❌,❌,❌,❌,❌,❌,❌,❌,❌,❌,❌,❌,❌,❌,❌
cycler,❌,❌,✅,❌,❌,❌,❌,✅,❌,✅,✅,✅,✅,❌,❌,❌,❌,❌,❌,❌,❌
cymem,❌,❌,❌,❌,❌,❌,❌,❌,❌,❌,❌,✅,❌,❌,❌,❌,❌,❌,❌,❌,❌
cyrus-sasl,❌,❌,❌,❌,❌,❌,❌,❌,❌,❌,❌,❌,✅,❌,❌,❌,❌,❌,❌,❌,❌
cython-blis,❌,❌,❌,❌,❌,❌,❌,❌,❌,❌,❌,✅,❌,❌,❌,❌,❌,❌,❌,❌,❌
cytoolz,❌,❌,❌,❌,❌,❌,❌,✅,❌,❌,❌,❌,❌,❌,❌,❌,❌,❌,❌,❌,❌
daal4py,❌,❌,❌,❌,❌,❌,❌,❌,❌,✅,❌,❌,❌,❌,❌,❌,❌,❌,❌,❌,❌
dal,❌,❌,❌,❌,❌,❌,❌,❌,❌,✅,❌,❌,❌,❌,❌,❌,❌,❌,❌,❌,❌
dask,❌,❌,❌,❌,❌,❌,❌,✅,❌,❌,❌,❌,❌,❌,❌,❌,❌,❌,❌,❌,❌
dask-core,❌,❌,❌,❌,❌,❌,❌,✅,❌,❌,❌,❌,❌,❌,❌,❌,❌,❌,❌,❌,❌
dataclasses,❌,❌,❌,❌,❌,❌,❌,❌,❌,❌,✅,✅,❌,❌,❌,❌,❌,❌,❌,❌,❌
dataprep,❌,❌,❌,❌,❌,❌,❌,✅,❌,❌,❌,❌,❌,❌,❌,❌,❌,❌,❌,❌,❌
dateparser,❌,❌,❌,✅,❌,❌,❌,❌,❌,❌,❌,❌,❌,❌,❌,❌,❌,❌,❌,❌,❌
datetime,❌,❌,❌,❌,❌,❌,❌,❌,❌,✅,❌,❌,❌,❌,❌,❌,❌,❌,❌,❌,❌
db-dtypes,❌,❌,✅,❌,❌,❌,❌,❌,❌,❌,❌,❌,❌,❌,❌,❌,❌,❌,❌,❌,❌
dbus,❌,❌,❌,❌,❌,❌,❌,❌,❌,✅,❌,✅,✅,❌,❌,❌,❌,❌,❌,❌,❌
debugpy,❌,❌,✅,✅,❌,❌,❌,✅,❌,✅,✅,✅,✅,❌,❌,✅,✅,❌,❌,✅,❌
decorator,❌,❌,✅,✅,❌,❌,❌,✅,❌,✅,✅,✅,✅,❌,❌,✅,✅,❌,❌,✅,❌
defusedxml,❌,❌,❌,✅,❌,❌,❌,✅,❌,✅,❌,✅,✅,❌,❌,✅,✅,❌,❌,✅,❌
distlib,❌,❌,❌,❌,❌,❌,❌,❌,❌,❌,❌,❌,❌,❌,❌,❌,✅,❌,❌,❌,❌
distributed,❌,❌,❌,❌,❌,❌,❌,✅,❌,❌,❌,❌,❌,❌,❌,❌,❌,❌,❌,❌,❌
distro,✅,❌,❌,❌,❌,❌,❌,❌,❌,❌,❌,❌,❌,❌,❌,❌,❌,✅,❌,❌,❌
django,❌,❌,❌,❌,❌,❌,✅,❌,❌,❌,❌,❌,❌,❌,❌,❌,❌,❌,❌,❌,❌
dm-tree,❌,❌,❌,❌,❌,❌,❌,❌,❌,❌,❌,❌,❌,❌,❌,❌,❌,❌,❌,✅,❌
docutils,❌,❌,❌,❌,❌,❌,❌,❌,❌,❌,✅,❌,❌,❌,❌,❌,❌,❌,❌,❌,❌
double-conversion,❌,❌,❌,❌,❌,❌,❌,❌,❌,❌,❌,❌,✅,❌,❌,❌,❌,❌,❌,❌,❌
entrypoints,❌,❌,❌,❌,❌,❌,❌,✅,❌,✅,❌,✅,❌,❌,❌,❌,✅,❌,❌,❌,❌
etils,❌,❌,❌,❌,❌,❌,❌,❌,❌,❌,❌,❌,❌,❌,❌,❌,❌,❌,❌,✅,❌
exceptiongroup,❌,❌,✅,❌,❌,❌,❌,✅,❌,❌,✅,✅,✅,❌,❌,✅,✅,❌,❌,✅,❌
executing,❌,❌,✅,✅,❌,❌,❌,✅,❌,✅,✅,✅,✅,❌,❌,✅,✅,❌,❌,✅,❌
expat,✅,❌,✅,❌,✅,❌,❌,❌,✅,✅,❌,✅,✅,❌,❌,❌,❌,❌,❌,❌,❌
facebook-business,❌,❌,❌,✅,❌,❌,❌,❌,❌,❌,❌,❌,❌,❌,❌,❌,❌,❌,❌,❌,❌
fastavro,❌,❌,✅,❌,❌,❌,❌,❌,❌,❌,❌,❌,❌,❌,❌,❌,❌,❌,❌,❌,❌
fastjsonschema,❌,❌,✅,❌,❌,❌,❌,❌,❌,❌,❌,❌,❌,❌,❌,✅,❌,❌,❌,❌,❌
filelock,❌,❌,❌,❌,❌,❌,❌,❌,❌,✅,❌,❌,✅,❌,❌,❌,✅,❌,❌,❌,❌
fiona,❌,❌,✅,❌,❌,❌,❌,❌,❌,❌,❌,❌,❌,❌,❌,❌,❌,❌,❌,❌,❌
flask,❌,❌,❌,✅,✅,❌,❌,✅,❌,❌,❌,❌,❌,❌,❌,❌,❌,❌,❌,❌,❌
flask_cors,❌,❌,❌,❌,❌,❌,❌,✅,❌,❌,❌,❌,❌,❌,❌,❌,❌,❌,❌,❌,❌
flatbuffers,❌,❌,❌,❌,❌,❌,❌,❌,❌,❌,❌,❌,❌,❌,❌,❌,❌,❌,❌,✅,❌
fmt,✅,❌,❌,❌,❌,❌,❌,❌,❌,❌,❌,❌,❌,❌,❌,✅,❌,✅,❌,❌,❌
folium,❌,❌,✅,❌,❌,❌,❌,❌,❌,❌,❌,❌,❌,❌,❌,❌,❌,❌,❌,❌,❌
fontconfig,❌,❌,✅,❌,❌,❌,❌,❌,❌,✅,❌,✅,✅,❌,❌,❌,❌,❌,❌,❌,❌
fonts-anaconda,❌,❌,❌,❌,❌,❌,❌,❌,❌,❌,❌,❌,✅,❌,❌,❌,❌,❌,❌,❌,❌
fonts-conda-ecosystem,❌,❌,❌,❌,❌,❌,❌,❌,❌,❌,❌,✅,✅,❌,❌,❌,❌,❌,❌,❌,❌
fonts-conda-forge,❌,❌,❌,❌,❌,❌,❌,❌,❌,❌,❌,✅,❌,❌,❌,❌,❌,❌,❌,❌,❌
fonttools,❌,❌,✅,❌,❌,❌,❌,✅,❌,❌,✅,✅,✅,❌,❌,❌,❌,❌,❌,❌,❌
font-ttf-dejavu-sans-mono,❌,❌,❌,❌,❌,❌,❌,❌,❌,❌,❌,✅,✅,❌,❌,❌,❌,❌,❌,❌,❌
font-ttf-inconsolata,❌,❌,❌,❌,❌,❌,❌,❌,❌,❌,❌,✅,✅,❌,❌,❌,❌,❌,❌,❌,❌
font-ttf-source-code-pro,❌,❌,❌,❌,❌,❌,❌,❌,❌,❌,❌,✅,✅,❌,❌,❌,❌,❌,❌,❌,❌
font-ttf-ubuntu,❌,❌,❌,❌,❌,❌,❌,❌,❌,❌,❌,✅,✅,❌,❌,❌,❌,❌,❌,❌,❌
fqdn,❌,❌,❌,❌,❌,❌,❌,✅,❌,❌,❌,✅,❌,❌,❌,✅,✅,❌,❌,❌,❌
freetype,❌,❌,✅,❌,❌,❌,❌,✅,❌,✅,❌,✅,✅,❌,❌,❌,❌,❌,❌,❌,❌
freexl,❌,❌,✅,❌,❌,❌,❌,❌,❌,❌,❌,❌,❌,❌,❌,❌,❌,❌,❌,❌,❌
fribidi,❌,❌,❌,❌,❌,❌,❌,❌,❌,❌,❌,✅,❌,❌,❌,❌,❌,❌,❌,❌,❌
frozendict,✅,❌,❌,❌,❌,❌,❌,❌,❌,❌,❌,❌,❌,❌,❌,❌,❌,❌,❌,❌,❌
frozenlist,❌,❌,✅,✅,❌,❌,❌,❌,❌,❌,❌,❌,❌,❌,❌,❌,❌,❌,❌,❌,❌
fsspec,❌,❌,❌,❌,❌,❌,❌,✅,❌,❌,❌,❌,❌,❌,❌,❌,❌,❌,❌,❌,❌
gast,❌,❌,❌,❌,❌,❌,❌,❌,❌,❌,❌,❌,❌,❌,❌,❌,❌,❌,❌,✅,❌
gdal,❌,❌,✅,❌,❌,❌,❌,❌,❌,❌,❌,❌,❌,❌,❌,❌,❌,❌,❌,❌,❌
gdk-pixbuf,❌,❌,❌,❌,❌,❌,❌,❌,❌,❌,❌,✅,❌,❌,❌,❌,❌,❌,❌,❌,❌
geopandas,❌,❌,✅,❌,❌,❌,❌,❌,❌,❌,❌,❌,❌,❌,❌,❌,❌,❌,❌,❌,❌
geopandas-base,❌,❌,✅,❌,❌,❌,❌,❌,❌,❌,❌,❌,❌,❌,❌,❌,❌,❌,❌,❌,❌
geos,❌,❌,✅,❌,❌,❌,❌,❌,❌,❌,❌,❌,❌,❌,❌,❌,❌,❌,❌,❌,❌
geotiff,❌,❌,✅,❌,❌,❌,❌,❌,❌,❌,❌,❌,❌,❌,❌,❌,❌,❌,❌,❌,❌
gettext,❌,❌,❌,❌,❌,❌,❌,❌,❌,❌,❌,✅,❌,❌,❌,❌,✅,❌,❌,❌,❌
gflags,❌,❌,✅,❌,❌,❌,❌,❌,❌,❌,❌,❌,❌,❌,❌,❌,❌,❌,❌,❌,❌
ghp-import,❌,❌,❌,❌,❌,❌,❌,❌,❌,❌,✅,❌,❌,❌,❌,❌,❌,❌,❌,❌,❌
giflib,❌,❌,✅,❌,❌,❌,❌,❌,❌,❌,❌,✅,❌,❌,❌,❌,❌,❌,❌,❌,❌
glib,❌,❌,✅,❌,❌,❌,❌,❌,❌,✅,❌,✅,✅,❌,❌,❌,❌,❌,❌,❌,❌
glib-tools,❌,❌,✅,❌,❌,❌,❌,❌,❌,❌,❌,✅,✅,❌,❌,❌,❌,❌,❌,❌,❌
glog,❌,❌,✅,❌,❌,❌,❌,❌,❌,❌,❌,❌,❌,❌,❌,❌,❌,❌,❌,❌,❌
gmp,❌,❌,❌,❌,❌,❌,❌,✅,❌,❌,❌,❌,❌,❌,❌,❌,❌,❌,❌,❌,❌
gobject-introspection,❌,❌,❌,❌,❌,❌,❌,❌,❌,❌,❌,✅,❌,❌,❌,❌,❌,❌,❌,❌,❌
google-api-core,❌,❌,✅,✅,❌,❌,❌,❌,❌,❌,❌,❌,❌,❌,❌,❌,❌,❌,❌,❌,❌
google-api-core-grpc,❌,❌,✅,❌,❌,❌,❌,❌,❌,❌,❌,❌,❌,❌,❌,❌,❌,❌,❌,❌,❌
google-api-python-client,❌,❌,❌,✅,❌,❌,❌,❌,❌,❌,❌,❌,❌,❌,❌,❌,❌,❌,❌,❌,❌
googleapis-common-protos,❌,❌,✅,✅,❌,❌,❌,❌,❌,❌,❌,❌,❌,❌,❌,❌,❌,❌,❌,✅,❌
google-auth,❌,❌,✅,✅,❌,❌,❌,❌,❌,❌,❌,❌,❌,❌,❌,❌,❌,❌,❌,✅,❌
google-auth-httplib2,❌,❌,❌,✅,❌,❌,❌,❌,❌,❌,❌,❌,❌,❌,❌,❌,❌,❌,❌,❌,❌
google-auth-oauthlib,❌,❌,✅,✅,❌,❌,❌,❌,❌,❌,❌,❌,❌,❌,❌,❌,❌,❌,❌,✅,❌
google-cloud,❌,❌,✅,❌,❌,❌,❌,❌,❌,❌,❌,❌,❌,❌,❌,❌,❌,❌,❌,❌,❌
google-cloud-bigquery,❌,❌,✅,❌,❌,❌,❌,❌,❌,❌,❌,❌,❌,❌,❌,❌,❌,❌,❌,❌,❌
google-cloud-bigquery-core,❌,❌,✅,❌,❌,❌,❌,❌,❌,❌,❌,❌,❌,❌,❌,❌,❌,❌,❌,❌,❌
google-cloud-bigquery-storage,❌,❌,✅,❌,❌,❌,❌,❌,❌,❌,❌,❌,❌,❌,❌,❌,❌,❌,❌,❌,❌
google-cloud-bigquery-storage-core,❌,❌,✅,❌,❌,❌,❌,❌,❌,❌,❌,❌,❌,❌,❌,❌,❌,❌,❌,❌,❌
google-cloud-core,❌,❌,✅,❌,❌,❌,❌,❌,❌,❌,❌,❌,❌,❌,❌,❌,❌,❌,❌,❌,❌
google-crc32c,❌,❌,✅,❌,❌,❌,❌,❌,❌,❌,❌,❌,❌,❌,❌,❌,❌,❌,❌,❌,❌
google-pasta,❌,❌,❌,❌,❌,❌,❌,❌,❌,❌,❌,❌,❌,❌,❌,❌,❌,❌,❌,✅,❌
google-resumable-media,❌,❌,✅,❌,❌,❌,❌,❌,❌,❌,❌,❌,❌,❌,❌,❌,❌,❌,❌,❌,❌
graphite2,❌,❌,❌,❌,❌,❌,❌,❌,❌,❌,❌,✅,✅,❌,❌,❌,❌,❌,❌,❌,❌
graphviz,❌,❌,❌,❌,❌,❌,❌,❌,❌,❌,❌,✅,❌,❌,❌,❌,❌,❌,❌,❌,❌
greenlet,❌,❌,❌,❌,❌,❌,❌,❌,❌,✅,✅,❌,❌,❌,❌,❌,❌,❌,❌,❌,❌
grpcio,❌,❌,✅,❌,❌,❌,❌,❌,❌,❌,❌,❌,❌,❌,❌,❌,❌,❌,❌,✅,❌
grpcio-status,❌,❌,✅,❌,❌,❌,❌,❌,❌,❌,❌,❌,❌,❌,❌,❌,❌,❌,❌,❌,❌
gspread,❌,❌,❌,✅,❌,❌,❌,❌,❌,❌,❌,❌,❌,❌,❌,❌,❌,❌,❌,❌,❌
gst-plugins-base,❌,❌,❌,❌,❌,❌,❌,❌,❌,✅,❌,✅,❌,❌,❌,❌,❌,❌,❌,❌,❌
gstreamer,❌,❌,❌,❌,❌,❌,❌,❌,❌,✅,❌,✅,❌,❌,❌,❌,❌,❌,❌,❌,❌
gtk2,❌,❌,❌,❌,❌,❌,❌,❌,❌,❌,❌,✅,❌,❌,❌,❌,❌,❌,❌,❌,❌
gts,❌,❌,❌,❌,❌,❌,❌,❌,❌,❌,❌,✅,❌,❌,❌,❌,❌,❌,❌,❌,❌
h11,❌,❌,❌,✅,❌,❌,❌,❌,❌,✅,❌,❌,✅,❌,❌,❌,❌,❌,❌,✅,❌
h2,❌,❌,❌,❌,❌,❌,❌,❌,❌,❌,❌,❌,✅,❌,❌,❌,❌,❌,❌,❌,❌
h5py,❌,❌,❌,❌,❌,❌,❌,❌,❌,❌,❌,❌,❌,❌,❌,❌,❌,❌,❌,✅,❌
harfbuzz,❌,❌,❌,❌,❌,❌,❌,❌,❌,❌,❌,✅,✅,❌,❌,❌,❌,❌,❌,❌,❌
hdf4,❌,❌,✅,❌,❌,❌,❌,❌,❌,❌,❌,❌,❌,❌,❌,❌,❌,❌,❌,❌,❌
hdf5,❌,❌,✅,❌,❌,❌,❌,❌,❌,❌,❌,❌,❌,❌,❌,❌,❌,❌,❌,❌,❌
heapdict,❌,❌,❌,❌,❌,❌,❌,✅,❌,❌,❌,❌,❌,❌,❌,❌,❌,❌,❌,❌,❌
hpack,❌,❌,❌,❌,❌,❌,❌,❌,❌,❌,❌,❌,✅,❌,❌,❌,❌,❌,❌,❌,❌
html5lib,❌,❌,❌,❌,❌,❌,❌,❌,❌,✅,❌,❌,❌,❌,❌,❌,❌,❌,❌,❌,❌
htmldate,❌,❌,❌,✅,❌,❌,❌,❌,❌,❌,❌,❌,❌,❌,❌,❌,❌,❌,❌,❌,❌
httpcore,❌,❌,❌,✅,❌,❌,❌,❌,❌,❌,❌,❌,✅,❌,❌,❌,❌,❌,❌,✅,❌
httplib2,❌,❌,❌,✅,❌,❌,❌,❌,❌,❌,❌,❌,❌,❌,❌,❌,❌,❌,❌,❌,❌
httpx,❌,❌,❌,✅,❌,❌,❌,❌,❌,❌,❌,❌,✅,❌,❌,❌,❌,❌,❌,✅,❌
hyperframe,❌,❌,❌,❌,❌,❌,❌,❌,❌,❌,❌,❌,✅,❌,❌,❌,❌,❌,❌,❌,❌
hyperlink,❌,❌,❌,❌,❌,❌,❌,❌,❌,✅,❌,❌,✅,❌,❌,❌,❌,❌,❌,❌,❌
icu,✅,❌,✅,❌,❌,❌,❌,❌,❌,✅,❌,✅,✅,❌,❌,✅,❌,✅,❌,❌,❌
idna,✅,❌,✅,✅,✅,❌,❌,✅,❌,✅,✅,✅,✅,❌,❌,✅,✅,✅,❌,✅,❌
imagesize,❌,❌,❌,❌,❌,❌,❌,❌,❌,❌,✅,❌,❌,❌,❌,❌,❌,❌,❌,❌,❌
importlib-metadata,❌,❌,❌,✅,✅,❌,❌,✅,❌,❌,✅,✅,✅,❌,❌,❌,✅,❌,❌,✅,❌
importlib_metadata,❌,❌,❌,❌,❌,❌,❌,✅,❌,❌,✅,✅,❌,❌,❌,❌,✅,❌,❌,✅,❌
importlib_resources,❌,❌,❌,❌,❌,❌,❌,✅,❌,✅,✅,✅,❌,❌,❌,❌,✅,❌,❌,✅,❌
incremental,❌,❌,❌,❌,❌,❌,❌,❌,❌,✅,❌,❌,✅,❌,❌,❌,❌,❌,❌,❌,❌
intel-openmp,❌,❌,✅,✅,❌,❌,❌,❌,❌,✅,❌,❌,❌,❌,❌,❌,❌,❌,❌,✅,❌
ipykernel,❌,❌,✅,✅,❌,❌,❌,✅,❌,✅,✅,✅,✅,❌,❌,✅,✅,❌,❌,✅,❌
ipython,❌,❌,✅,✅,❌,❌,❌,✅,❌,✅,✅,✅,✅,❌,❌,✅,✅,❌,❌,✅,❌
ipython_genutils,❌,❌,❌,❌,❌,❌,❌,✅,❌,✅,❌,❌,❌,❌,❌,❌,❌,❌,❌,❌,❌
ipython_pygments_lexers,❌,❌,❌,✅,❌,❌,❌,❌,❌,❌,❌,❌,❌,❌,❌,❌,❌,❌,❌,❌,❌
ipython-sql,❌,❌,❌,❌,❌,❌,❌,❌,❌,✅,❌,❌,❌,❌,❌,❌,❌,❌,❌,❌,❌
ipywidgets,❌,❌,✅,❌,❌,❌,❌,✅,❌,❌,❌,❌,❌,❌,❌,❌,❌,❌,❌,❌,❌
isoduration,❌,❌,❌,❌,❌,❌,❌,✅,❌,❌,❌,✅,❌,❌,❌,✅,✅,❌,❌,❌,❌
itemadapter,❌,❌,❌,❌,❌,❌,❌,❌,❌,✅,❌,❌,✅,❌,❌,❌,❌,❌,❌,❌,❌
itemloaders,❌,❌,❌,❌,❌,❌,❌,❌,❌,✅,❌,❌,✅,❌,❌,❌,❌,❌,❌,❌,❌
itsdangerous,❌,❌,❌,✅,✅,❌,❌,✅,❌,❌,❌,❌,❌,❌,❌,❌,❌,❌,❌,❌,❌
jarowinkler,❌,❌,❌,❌,❌,❌,❌,✅,❌,❌,❌,❌,❌,❌,❌,❌,❌,❌,❌,❌,❌
jax,❌,❌,❌,❌,❌,❌,❌,❌,❌,❌,❌,❌,❌,❌,❌,❌,❌,❌,❌,✅,❌
jedi,❌,❌,✅,✅,❌,❌,❌,✅,❌,✅,✅,✅,✅,❌,❌,✅,✅,❌,❌,✅,❌
jinja2,❌,❌,✅,✅,✅,❌,❌,✅,❌,✅,✅,✅,✅,❌,❌,✅,✅,❌,❌,✅,❌
jmespath,❌,❌,❌,❌,❌,❌,❌,❌,❌,✅,❌,❌,✅,❌,❌,❌,❌,❌,❌,❌,❌
joblib,❌,❌,✅,✅,❌,❌,❌,✅,❌,✅,❌,✅,❌,❌,❌,❌,❌,❌,❌,❌,❌
jpeg,❌,❌,✅,❌,❌,❌,❌,✅,❌,✅,❌,❌,❌,❌,❌,❌,❌,❌,❌,❌,❌
json5,❌,❌,❌,✅,❌,❌,❌,✅,❌,✅,❌,✅,✅,❌,❌,✅,✅,❌,❌,✅,❌
json-c,❌,❌,✅,❌,❌,❌,❌,❌,❌,❌,❌,❌,❌,❌,❌,❌,❌,❌,❌,❌,❌
jsonpatch,✅,❌,❌,❌,❌,❌,❌,❌,❌,❌,❌,❌,❌,❌,❌,✅,❌,✅,❌,❌,❌
jsonpath-ng,❌,❌,❌,❌,❌,❌,❌,✅,❌,❌,❌,❌,❌,❌,❌,❌,❌,❌,❌,❌,❌
jsonpointer,✅,❌,❌,❌,❌,❌,❌,✅,❌,❌,❌,✅,❌,❌,❌,✅,✅,✅,❌,❌,❌
jsonschema,❌,❌,❌,✅,❌,❌,❌,✅,❌,✅,✅,✅,✅,❌,❌,✅,✅,❌,❌,✅,❌
jsonschema-specifications,❌,❌,❌,✅,❌,❌,❌,❌,❌,❌,✅,✅,✅,❌,❌,✅,✅,❌,❌,✅,❌
jsonschema-with-format-nongpl,❌,❌,❌,❌,❌,❌,❌,✅,❌,❌,❌,✅,❌,❌,❌,❌,✅,❌,❌,❌,❌
jupyter-book,❌,❌,❌,❌,❌,❌,❌,❌,❌,❌,✅,❌,❌,❌,❌,❌,❌,❌,❌,❌,❌
jupyter-cache,❌,❌,❌,❌,❌,❌,❌,❌,❌,❌,✅,❌,❌,❌,❌,❌,❌,❌,❌,❌,❌
jupyter-client,❌,❌,❌,❌,❌,❌,❌,❌,❌,❌,❌,❌,❌,❌,❌,✅,❌,❌,❌,❌,❌
jupyter_client,❌,❌,✅,✅,❌,❌,❌,✅,❌,✅,✅,✅,✅,❌,❌,❌,✅,❌,❌,✅,❌
jupyter-core,❌,❌,❌,❌,❌,❌,❌,❌,❌,❌,❌,❌,❌,❌,❌,✅,❌,❌,❌,❌,❌
jupyter_core,❌,❌,✅,✅,❌,❌,❌,✅,❌,✅,✅,✅,✅,❌,❌,❌,✅,❌,❌,✅,❌
jupyter-events,❌,❌,❌,❌,❌,❌,❌,❌,❌,❌,❌,❌,❌,❌,❌,✅,❌,❌,❌,❌,❌
jupyter_events,❌,❌,❌,✅,❌,❌,❌,✅,❌,❌,❌,✅,✅,❌,❌,❌,✅,❌,❌,✅,❌
jupyterlab,❌,❌,❌,✅,❌,❌,❌,✅,❌,✅,❌,✅,✅,❌,❌,✅,✅,❌,❌,✅,❌
jupyterlab-pygments,❌,❌,❌,❌,❌,❌,❌,❌,❌,❌,❌,❌,❌,❌,❌,✅,❌,❌,❌,❌,❌
jupyterlab_pygments,❌,❌,❌,✅,❌,❌,❌,✅,❌,✅,❌,✅,✅,❌,❌,❌,✅,❌,❌,✅,❌
jupyterlab-server,❌,❌,❌,❌,❌,❌,❌,❌,❌,❌,❌,❌,❌,❌,❌,✅,❌,❌,❌,❌,❌
jupyterlab_server,❌,❌,❌,✅,❌,❌,❌,✅,❌,✅,❌,✅,✅,❌,❌,❌,✅,❌,❌,✅,❌
jupyterlab_widgets,❌,❌,✅,❌,❌,❌,❌,✅,❌,❌,❌,❌,❌,❌,❌,❌,❌,❌,❌,❌,❌
jupyter-lsp,❌,❌,❌,✅,❌,❌,❌,✅,❌,❌,❌,✅,✅,❌,❌,✅,✅,❌,❌,✅,❌
jupyter-server,❌,❌,❌,❌,❌,❌,❌,❌,❌,❌,❌,❌,❌,❌,❌,✅,❌,❌,❌,❌,❌
jupyter_server,❌,❌,❌,✅,❌,❌,❌,✅,❌,✅,❌,✅,✅,❌,❌,❌,✅,❌,❌,✅,❌
jupyter_server_fileid,❌,❌,❌,❌,❌,❌,❌,✅,❌,❌,❌,❌,❌,❌,❌,❌,❌,❌,❌,❌,❌
jupyter-server-terminals,❌,❌,❌,❌,❌,❌,❌,❌,❌,❌,❌,❌,❌,❌,❌,✅,❌,❌,❌,❌,❌
jupyter_server_terminals,❌,❌,❌,✅,❌,❌,❌,✅,❌,❌,❌,✅,✅,❌,❌,❌,✅,❌,❌,✅,❌
jupyter_server_ydoc,❌,❌,❌,❌,❌,❌,❌,✅,❌,❌,❌,❌,❌,❌,❌,❌,❌,❌,❌,❌,❌
jupyter_ydoc,❌,❌,❌,❌,❌,❌,❌,✅,❌,❌,❌,❌,❌,❌,❌,❌,❌,❌,❌,❌,❌
jupytext,❌,❌,❌,❌,❌,❌,❌,❌,❌,❌,✅,❌,❌,❌,❌,❌,❌,❌,❌,❌,❌
justext,❌,❌,❌,✅,❌,❌,❌,❌,❌,❌,❌,❌,❌,❌,❌,❌,❌,❌,❌,❌,❌
kealib,❌,❌,✅,❌,❌,❌,❌,❌,❌,❌,❌,❌,❌,❌,❌,❌,❌,❌,❌,❌,❌
keras,❌,❌,❌,❌,❌,❌,❌,❌,❌,❌,❌,❌,❌,❌,❌,❌,❌,❌,❌,✅,❌
keyutils,❌,❌,❌,❌,❌,❌,❌,❌,❌,✅,❌,✅,❌,❌,❌,✅,❌,✅,❌,❌,❌
kiwisolver,❌,❌,✅,❌,❌,❌,❌,✅,❌,✅,✅,✅,✅,❌,❌,❌,❌,❌,❌,❌,❌
kombu,❌,❌,❌,❌,❌,❌,❌,✅,❌,❌,❌,❌,❌,❌,❌,❌,❌,❌,❌,❌,❌
krb5,✅,❌,✅,❌,❌,❌,❌,❌,❌,✅,❌,✅,✅,❌,❌,✅,❌,✅,❌,❌,❌
lame,❌,❌,❌,❌,❌,❌,❌,❌,❌,❌,❌,✅,❌,❌,❌,❌,❌,❌,❌,❌,❌
langcodes,❌,❌,❌,❌,❌,❌,❌,❌,❌,❌,❌,✅,❌,❌,❌,❌,❌,❌,❌,❌,❌
latexcodec,❌,❌,❌,❌,❌,❌,❌,❌,❌,❌,✅,❌,❌,❌,❌,❌,❌,❌,❌,❌,❌
lcms2,❌,❌,✅,❌,❌,❌,❌,✅,❌,❌,❌,✅,✅,❌,❌,❌,❌,❌,❌,❌,❌
ld_impl_linux-64,✅,❌,✅,✅,✅,❌,✅,✅,✅,✅,✅,✅,✅,✅,❌,✅,✅,✅,❌,✅,❌
lerc,❌,❌,✅,❌,❌,❌,❌,✅,❌,❌,❌,✅,✅,❌,❌,❌,❌,❌,❌,❌,❌
levenshtein,❌,❌,❌,❌,❌,❌,❌,✅,❌,❌,❌,❌,❌,❌,❌,❌,❌,❌,❌,❌,❌
libabseil,❌,❌,✅,✅,❌,❌,❌,❌,❌,❌,❌,❌,❌,❌,❌,❌,❌,❌,❌,❌,❌
libarchive,✅,❌,❌,❌,❌,❌,❌,❌,❌,❌,❌,❌,❌,❌,❌,✅,❌,✅,❌,❌,❌
libblas,❌,❌,❌,❌,❌,❌,❌,✅,❌,✅,❌,✅,✅,❌,❌,❌,❌,❌,❌,❌,❌
libboost,❌,❌,✅,❌,❌,❌,❌,❌,❌,❌,❌,❌,❌,❌,❌,❌,❌,❌,❌,❌,❌
libbrotlicommon,❌,❌,✅,❌,❌,❌,❌,✅,❌,❌,❌,✅,❌,❌,❌,❌,❌,❌,❌,❌,❌
libbrotlidec,❌,❌,✅,❌,❌,❌,❌,✅,❌,❌,❌,✅,❌,❌,❌,❌,❌,❌,❌,❌,❌
libbrotlienc,❌,❌,✅,❌,❌,❌,❌,✅,❌,❌,❌,✅,❌,❌,❌,❌,❌,❌,❌,❌,❌
libcap,❌,❌,❌,❌,❌,❌,❌,❌,❌,❌,❌,✅,❌,❌,❌,❌,❌,❌,❌,❌,❌
libcblas,❌,❌,❌,❌,❌,❌,❌,✅,❌,✅,❌,✅,✅,❌,❌,❌,❌,❌,❌,❌,❌
libclang,❌,❌,❌,❌,❌,❌,❌,❌,❌,❌,❌,✅,❌,❌,❌,❌,❌,❌,❌,✅,❌
libclang13,❌,❌,❌,❌,❌,❌,❌,❌,❌,❌,❌,✅,✅,❌,❌,❌,❌,❌,❌,❌,❌
libclang-cpp20.1,❌,❌,❌,❌,❌,❌,❌,❌,❌,❌,❌,❌,✅,❌,❌,❌,❌,❌,❌,❌,❌
libcrc32c,❌,❌,✅,❌,❌,❌,❌,❌,❌,❌,❌,❌,❌,❌,❌,❌,❌,❌,❌,❌,❌
libcups,❌,❌,❌,❌,❌,❌,❌,❌,❌,❌,❌,✅,✅,❌,❌,❌,❌,❌,❌,❌,❌
libcurl,✅,❌,✅,❌,❌,❌,❌,❌,❌,❌,❌,✅,❌,❌,❌,✅,❌,✅,❌,❌,❌
libdeflate,❌,❌,✅,❌,❌,❌,❌,✅,❌,❌,❌,✅,✅,❌,❌,❌,❌,❌,❌,❌,❌
libdrm,❌,❌,❌,❌,❌,❌,❌,❌,❌,❌,❌,❌,✅,❌,❌,❌,❌,❌,❌,❌,❌
libedit,✅,❌,✅,❌,❌,❌,❌,❌,❌,✅,❌,✅,✅,❌,❌,✅,❌,✅,❌,❌,❌
libegl,❌,❌,❌,❌,❌,❌,❌,❌,❌,❌,❌,❌,✅,❌,❌,❌,❌,❌,❌,❌,❌
libev,✅,❌,✅,❌,❌,❌,❌,❌,❌,❌,❌,✅,❌,❌,❌,✅,❌,✅,❌,❌,❌
libevent,❌,❌,✅,❌,❌,❌,❌,❌,❌,❌,❌,✅,❌,❌,❌,❌,❌,❌,❌,❌,❌
libexpat,❌,❌,❌,❌,❌,❌,❌,✅,❌,❌,❌,✅,✅,❌,❌,❌,❌,❌,❌,❌,❌
libffi,✅,❌,✅,✅,✅,❌,✅,✅,✅,✅,✅,✅,✅,✅,❌,✅,✅,✅,❌,✅,❌
libflac,❌,❌,❌,❌,❌,❌,❌,❌,❌,❌,❌,✅,❌,❌,❌,❌,✅,❌,❌,❌,❌
libgcc,❌,❌,❌,❌,❌,❌,❌,❌,❌,❌,❌,❌,✅,❌,❌,❌,❌,❌,❌,❌,❌
_libgcc_mutex,✅,❌,✅,✅,✅,❌,✅,✅,✅,✅,✅,✅,✅,✅,❌,✅,✅,✅,❌,✅,❌
libgcc-ng,✅,❌,✅,✅,✅,❌,✅,✅,✅,✅,✅,✅,✅,✅,❌,✅,✅,✅,❌,✅,❌
libgcrypt,❌,❌,❌,❌,❌,❌,❌,❌,❌,❌,❌,✅,❌,❌,❌,❌,❌,❌,❌,❌,❌
libgd,❌,❌,❌,❌,❌,❌,❌,❌,❌,❌,❌,✅,❌,❌,❌,❌,❌,❌,❌,❌,❌
libgdal,❌,❌,✅,❌,❌,❌,❌,❌,❌,❌,❌,❌,❌,❌,❌,❌,❌,❌,❌,❌,❌
libgfortran,❌,❌,❌,❌,❌,❌,❌,❌,❌,❌,❌,❌,✅,❌,❌,❌,❌,❌,❌,❌,❌
libgfortran4,❌,❌,❌,❌,❌,❌,❌,❌,❌,✅,❌,❌,❌,❌,❌,❌,❌,❌,❌,❌,❌
libgfortran5,❌,❌,✅,❌,❌,❌,❌,✅,❌,❌,❌,✅,✅,❌,❌,❌,❌,❌,❌,❌,❌
libgfortran-ng,❌,❌,✅,❌,❌,❌,❌,✅,❌,✅,❌,✅,❌,❌,❌,❌,❌,❌,❌,❌,❌
libgl,❌,❌,❌,❌,❌,❌,❌,❌,❌,❌,❌,❌,✅,❌,❌,❌,❌,❌,❌,❌,❌
libglib,❌,❌,✅,❌,❌,❌,❌,❌,❌,❌,❌,✅,✅,❌,❌,❌,❌,❌,❌,❌,❌
libglvnd,❌,❌,❌,❌,❌,❌,❌,❌,❌,❌,❌,❌,✅,❌,❌,❌,❌,❌,❌,❌,❌
libglx,❌,❌,❌,❌,❌,❌,❌,❌,❌,❌,❌,❌,✅,❌,❌,❌,❌,❌,❌,❌,❌
libgomp,✅,❌,✅,✅,✅,❌,✅,✅,✅,✅,✅,✅,✅,✅,❌,✅,✅,✅,❌,✅,❌
libgpg-error,❌,❌,❌,❌,❌,❌,❌,❌,❌,❌,❌,✅,❌,❌,❌,❌,❌,❌,❌,❌,❌
libgrpc,❌,❌,✅,❌,❌,❌,❌,❌,❌,❌,❌,❌,❌,❌,❌,❌,❌,❌,❌,❌,❌
libhwloc,❌,❌,❌,❌,❌,❌,❌,❌,❌,❌,❌,✅,❌,❌,❌,❌,❌,❌,❌,❌,❌
libiconv,❌,❌,✅,❌,❌,❌,❌,❌,❌,❌,❌,✅,✅,❌,❌,✅,❌,✅,❌,❌,❌
libjpeg-turbo,❌,❌,❌,❌,❌,❌,❌,❌,❌,❌,❌,✅,✅,❌,❌,❌,❌,❌,❌,❌,❌
libkml,❌,❌,✅,❌,❌,❌,❌,❌,❌,❌,❌,❌,❌,❌,❌,❌,❌,❌,❌,❌,❌
liblapack,❌,❌,❌,❌,❌,❌,❌,✅,❌,✅,❌,✅,✅,❌,❌,❌,❌,❌,❌,❌,❌
libllvm14,❌,❌,❌,❌,❌,❌,❌,❌,❌,❌,❌,✅,❌,❌,❌,❌,❌,❌,❌,❌,❌
libllvm15,❌,❌,❌,❌,❌,❌,❌,❌,❌,❌,❌,✅,❌,❌,❌,❌,❌,❌,❌,❌,❌
libllvm20,❌,❌,❌,❌,❌,❌,❌,❌,❌,❌,❌,❌,✅,❌,❌,❌,❌,❌,❌,❌,❌
liblzma,❌,❌,❌,❌,❌,❌,❌,❌,❌,❌,❌,❌,✅,❌,❌,❌,❌,❌,❌,❌,❌
libmamba,✅,❌,❌,❌,❌,❌,❌,❌,❌,❌,❌,❌,❌,❌,❌,✅,❌,✅,❌,❌,❌
libmambapy,✅,❌,❌,❌,❌,❌,❌,❌,❌,❌,❌,❌,❌,❌,❌,✅,❌,✅,❌,❌,❌
libnetcdf,❌,❌,✅,❌,❌,❌,❌,❌,❌,❌,❌,❌,❌,❌,❌,❌,❌,❌,❌,❌,❌
libnghttp2,✅,❌,✅,❌,❌,❌,❌,❌,❌,❌,❌,✅,❌,❌,❌,✅,❌,✅,❌,❌,❌
libnsl,❌,❌,❌,❌,❌,❌,✅,✅,❌,❌,✅,✅,✅,❌,❌,✅,✅,✅,❌,❌,❌
libntlm,❌,❌,❌,❌,❌,❌,❌,❌,❌,❌,❌,❌,✅,❌,❌,❌,❌,❌,❌,❌,❌
libogg,❌,❌,❌,❌,❌,❌,❌,❌,❌,❌,❌,✅,❌,❌,❌,❌,✅,❌,❌,❌,❌
libopenblas,❌,❌,❌,❌,❌,❌,❌,✅,❌,❌,❌,✅,✅,❌,❌,❌,❌,❌,❌,❌,❌
libopengl,❌,❌,❌,❌,❌,❌,❌,❌,❌,❌,❌,❌,✅,❌,❌,❌,❌,❌,❌,❌,❌
libopus,❌,❌,❌,❌,❌,❌,❌,❌,❌,❌,❌,✅,❌,❌,❌,❌,❌,❌,❌,❌,❌
libpciaccess,❌,❌,❌,❌,❌,❌,❌,❌,❌,❌,❌,❌,✅,❌,❌,❌,❌,❌,❌,❌,❌
libpng,❌,❌,✅,❌,❌,❌,❌,✅,❌,✅,❌,✅,✅,❌,❌,❌,❌,❌,❌,❌,❌
libpq,❌,❌,✅,❌,❌,❌,❌,❌,❌,✅,❌,✅,✅,❌,❌,❌,❌,❌,❌,❌,❌
libprotobuf,❌,❌,✅,❌,❌,❌,❌,❌,❌,❌,❌,❌,❌,❌,❌,❌,❌,❌,❌,❌,❌
librsvg,❌,❌,❌,❌,❌,❌,❌,❌,❌,❌,❌,✅,❌,❌,❌,❌,❌,❌,❌,❌,❌
libsndfile,❌,❌,❌,❌,❌,❌,❌,❌,❌,❌,❌,✅,❌,❌,❌,❌,❌,❌,❌,❌,❌
libsodium,❌,❌,✅,✅,❌,❌,❌,✅,❌,✅,✅,✅,✅,❌,❌,❌,✅,❌,❌,✅,❌
libsolv,✅,❌,❌,❌,❌,❌,❌,❌,❌,❌,❌,❌,❌,❌,❌,✅,❌,✅,❌,❌,❌
libspatialindex,❌,❌,✅,❌,❌,❌,❌,❌,❌,❌,❌,❌,❌,❌,❌,❌,❌,❌,❌,❌,❌
libspatialite,❌,❌,✅,❌,❌,❌,❌,❌,❌,❌,❌,❌,❌,❌,❌,❌,❌,❌,❌,❌,❌
libsqlite,❌,❌,❌,❌,❌,❌,✅,✅,❌,❌,✅,✅,✅,❌,❌,✅,✅,✅,❌,❌,❌
libssh2,✅,❌,✅,❌,❌,❌,❌,❌,❌,❌,❌,✅,❌,❌,❌,✅,❌,✅,❌,❌,❌
libstdcxx,❌,❌,❌,❌,❌,❌,❌,❌,❌,❌,❌,❌,✅,❌,❌,❌,❌,❌,❌,❌,❌
libstdcxx-ng,✅,❌,✅,✅,✅,❌,❌,✅,✅,✅,✅,✅,✅,✅,❌,✅,✅,✅,❌,✅,❌
libsystemd0,❌,❌,❌,❌,❌,❌,❌,❌,❌,❌,❌,✅,❌,❌,❌,❌,❌,❌,❌,❌,❌
libthrift,❌,❌,✅,❌,❌,❌,❌,❌,❌,❌,❌,❌,❌,❌,❌,❌,❌,❌,❌,❌,❌
libtiff,❌,❌,✅,❌,❌,❌,❌,✅,❌,❌,❌,✅,✅,❌,❌,❌,❌,❌,❌,❌,❌
libtool,❌,❌,❌,❌,❌,❌,❌,❌,❌,❌,❌,✅,❌,❌,❌,❌,❌,❌,❌,❌,❌
libuuid,✅,❌,✅,✅,✅,❌,✅,✅,✅,✅,✅,✅,✅,✅,❌,✅,✅,✅,❌,❌,❌
libvorbis,❌,❌,❌,❌,❌,❌,❌,❌,❌,❌,❌,✅,❌,❌,❌,❌,❌,❌,❌,❌,❌
libwebp,❌,❌,❌,❌,❌,❌,❌,❌,❌,❌,❌,✅,❌,❌,❌,❌,❌,❌,❌,❌,❌
libwebp-base,❌,❌,✅,❌,❌,❌,❌,✅,❌,❌,❌,✅,✅,❌,❌,❌,❌,❌,❌,❌,❌
libxcb,❌,❌,✅,❌,❌,❌,❌,✅,✅,✅,❌,✅,✅,❌,❌,❌,❌,❌,❌,❌,❌
libxcrypt,❌,❌,❌,❌,❌,❌,❌,✅,❌,❌,✅,❌,✅,❌,❌,❌,❌,❌,❌,❌,❌
libxkbcommon,❌,❌,❌,❌,❌,❌,❌,❌,❌,❌,❌,✅,✅,❌,❌,❌,❌,❌,❌,❌,❌
libxml2,✅,❌,✅,❌,❌,❌,❌,❌,❌,✅,❌,✅,✅,❌,❌,✅,❌,✅,❌,❌,❌
libxslt,❌,❌,❌,❌,❌,❌,❌,❌,❌,✅,❌,❌,✅,❌,❌,❌,❌,❌,❌,❌,❌
libzip,❌,❌,✅,❌,❌,❌,❌,❌,❌,❌,❌,❌,❌,❌,❌,❌,❌,❌,❌,❌,❌
libzlib,❌,❌,❌,❌,❌,❌,✅,✅,❌,❌,✅,✅,✅,❌,❌,✅,✅,✅,❌,❌,❌
linkify-it-py,❌,❌,❌,❌,❌,❌,❌,❌,❌,❌,✅,❌,❌,❌,❌,❌,❌,❌,❌,❌,❌
llvmlite,❌,❌,❌,❌,❌,❌,❌,❌,❌,❌,❌,✅,❌,❌,❌,❌,❌,❌,❌,❌,❌
locket,❌,❌,❌,❌,❌,❌,❌,✅,❌,❌,❌,❌,❌,❌,❌,❌,❌,❌,❌,❌,❌
lxml,❌,❌,❌,✅,❌,❌,❌,❌,❌,✅,❌,❌,✅,❌,❌,❌,❌,❌,❌,❌,❌
lxml-html-clean,❌,❌,❌,✅,❌,❌,❌,❌,❌,❌,❌,❌,❌,❌,❌,❌,❌,❌,❌,❌,❌
lz4-c,✅,❌,✅,❌,❌,❌,❌,❌,❌,❌,❌,✅,❌,❌,❌,✅,❌,✅,❌,❌,❌
lzo,❌,❌,❌,❌,❌,❌,❌,❌,❌,❌,❌,❌,❌,❌,❌,✅,❌,✅,❌,❌,❌
mapclassify,❌,❌,✅,❌,❌,❌,❌,❌,❌,❌,❌,❌,❌,❌,❌,❌,❌,❌,❌,❌,❌
markdown,❌,❌,❌,❌,❌,❌,❌,❌,❌,❌,❌,❌,❌,❌,❌,❌,❌,❌,❌,✅,❌
markdown-it-py,✅,❌,❌,❌,❌,❌,❌,❌,❌,❌,✅,✅,❌,❌,❌,❌,❌,❌,❌,❌,❌
markupsafe,❌,❌,✅,✅,✅,❌,❌,✅,❌,✅,✅,✅,✅,❌,❌,✅,✅,❌,❌,✅,❌
matplotlib,❌,❌,❌,❌,❌,❌,❌,❌,❌,✅,✅,✅,✅,❌,❌,❌,❌,❌,❌,❌,❌
matplotlib-base,❌,❌,✅,❌,❌,❌,❌,✅,❌,❌,❌,✅,✅,❌,❌,❌,❌,❌,❌,❌,❌
matplotlib-inline,❌,❌,✅,✅,❌,❌,❌,✅,❌,✅,✅,✅,✅,❌,❌,✅,✅,❌,❌,✅,❌
mdit-py-plugins,❌,❌,❌,❌,❌,❌,❌,❌,❌,❌,✅,❌,❌,❌,❌,❌,❌,❌,❌,❌,❌
mdurl,✅,❌,❌,❌,❌,❌,❌,❌,❌,❌,✅,✅,❌,❌,❌,❌,❌,❌,❌,❌,❌
menuinst,✅,❌,❌,❌,❌,❌,❌,❌,❌,❌,❌,❌,❌,❌,❌,❌,❌,✅,❌,❌,❌
metaphone,❌,❌,❌,❌,❌,❌,❌,✅,❌,❌,❌,❌,❌,❌,❌,❌,❌,❌,❌,❌,❌
minizip,❌,❌,✅,❌,❌,❌,❌,❌,❌,❌,❌,❌,❌,❌,❌,❌,❌,❌,❌,❌,❌
mistune,❌,❌,❌,✅,❌,❌,❌,✅,❌,✅,❌,✅,✅,❌,❌,✅,✅,❌,❌,✅,❌
mkl,❌,❌,✅,✅,❌,❌,❌,❌,❌,✅,❌,❌,❌,❌,❌,❌,❌,❌,❌,✅,❌
mkl_fft,❌,❌,✅,✅,❌,❌,❌,❌,❌,✅,❌,❌,❌,❌,❌,❌,❌,❌,❌,✅,❌
mkl_random,❌,❌,✅,✅,❌,❌,❌,❌,❌,✅,❌,❌,❌,❌,❌,❌,❌,❌,❌,✅,❌
mkl-service,❌,❌,✅,✅,❌,❌,❌,❌,❌,✅,❌,❌,❌,❌,❌,❌,❌,❌,❌,✅,❌
ml-dtypes,❌,❌,❌,❌,❌,❌,❌,❌,❌,❌,❌,❌,❌,❌,❌,❌,❌,❌,❌,✅,❌
mpg123,❌,❌,❌,❌,❌,❌,❌,❌,❌,❌,❌,✅,❌,❌,❌,❌,❌,❌,❌,❌,❌
mpi,❌,❌,❌,❌,❌,❌,❌,❌,❌,✅,❌,❌,❌,❌,❌,❌,❌,❌,❌,❌,❌
mpich,❌,❌,❌,❌,❌,❌,❌,❌,❌,✅,❌,❌,❌,❌,❌,❌,❌,❌,❌,❌,❌
msgpack-python,❌,❌,❌,❌,❌,❌,❌,✅,❌,❌,❌,❌,❌,❌,❌,❌,❌,❌,❌,❌,❌
multidict,❌,❌,✅,✅,❌,❌,❌,✅,❌,❌,❌,❌,❌,❌,❌,❌,❌,❌,❌,❌,❌
munkres,❌,❌,❌,❌,❌,❌,❌,✅,❌,❌,❌,✅,❌,❌,❌,❌,❌,❌,❌,❌,❌
murmurhash,❌,❌,❌,❌,❌,❌,❌,❌,❌,❌,❌,✅,❌,❌,❌,❌,❌,❌,❌,❌,❌
mysql-common,❌,❌,❌,❌,❌,❌,❌,❌,❌,❌,❌,✅,✅,❌,❌,❌,❌,❌,❌,❌,❌
mysql-libs,❌,❌,❌,❌,❌,❌,❌,❌,❌,❌,❌,✅,✅,❌,❌,❌,❌,❌,❌,❌,❌
myst-nb,❌,❌,❌,❌,❌,❌,❌,❌,❌,❌,✅,❌,❌,❌,❌,❌,❌,❌,❌,❌,❌
myst-parser,❌,❌,❌,❌,❌,❌,❌,❌,❌,❌,✅,❌,❌,❌,❌,❌,❌,❌,❌,❌,❌
nbclassic,❌,❌,❌,❌,❌,❌,❌,✅,❌,✅,❌,❌,❌,❌,❌,❌,❌,❌,❌,❌,❌
nbclient,❌,❌,❌,✅,❌,❌,❌,✅,❌,✅,✅,✅,✅,❌,❌,✅,✅,❌,❌,✅,❌
nbconvert,❌,❌,❌,❌,❌,❌,❌,✅,❌,✅,❌,❌,❌,❌,❌,✅,❌,❌,❌,✅,❌
nbconvert-core,❌,❌,❌,✅,❌,❌,❌,✅,❌,❌,❌,✅,✅,❌,❌,❌,✅,❌,❌,❌,❌
nbconvert-pandoc,❌,❌,❌,❌,❌,❌,❌,✅,❌,❌,❌,❌,❌,❌,❌,❌,❌,❌,❌,❌,❌
nbformat,❌,❌,❌,✅,❌,❌,❌,✅,❌,✅,✅,✅,✅,❌,❌,✅,✅,❌,❌,✅,❌
ncurses,✅,❌,✅,✅,✅,❌,✅,✅,✅,✅,✅,✅,✅,✅,❌,✅,✅,✅,❌,✅,❌
nest-asyncio,❌,❌,✅,✅,❌,❌,❌,✅,❌,✅,✅,✅,✅,❌,❌,✅,✅,❌,❌,✅,❌
networkx,❌,❌,✅,❌,❌,❌,❌,❌,❌,❌,❌,❌,❌,❌,❌,❌,❌,❌,❌,❌,❌
ninja,❌,❌,❌,❌,❌,❌,❌,❌,❌,❌,❌,✅,❌,❌,❌,❌,❌,❌,❌,❌,❌
ninja-base,❌,❌,❌,❌,❌,❌,❌,❌,❌,❌,❌,✅,❌,❌,❌,❌,❌,❌,❌,❌,❌
nlohmann_json,✅,❌,❌,❌,❌,❌,❌,❌,❌,❌,❌,❌,❌,❌,❌,❌,❌,❌,❌,❌,❌
nltk,❌,❌,❌,✅,❌,❌,❌,✅,❌,❌,❌,❌,❌,❌,❌,❌,❌,❌,❌,❌,❌
nomkl,❌,❌,❌,❌,❌,❌,❌,✅,❌,❌,❌,❌,❌,❌,❌,❌,❌,❌,❌,❌,❌
notebook,❌,❌,❌,❌,❌,❌,❌,✅,❌,✅,❌,❌,✅,❌,❌,❌,❌,❌,❌,❌,❌
notebook-shim,❌,❌,❌,✅,❌,❌,❌,✅,❌,❌,❌,✅,✅,❌,❌,✅,✅,❌,❌,✅,❌
nspr,❌,❌,✅,❌,❌,❌,❌,❌,❌,❌,❌,✅,❌,❌,❌,❌,❌,❌,❌,❌,❌
nss,❌,❌,✅,❌,❌,❌,❌,❌,❌,❌,❌,✅,❌,❌,❌,❌,❌,❌,❌,❌,❌
numba,❌,❌,❌,❌,❌,❌,❌,❌,❌,❌,❌,✅,❌,❌,❌,❌,❌,❌,❌,❌,❌
numexpr,❌,❌,✅,✅,❌,❌,❌,✅,❌,✅,❌,❌,❌,❌,❌,❌,❌,❌,❌,❌,❌
numpy,❌,❌,✅,✅,❌,❌,❌,✅,❌,✅,✅,✅,✅,❌,❌,❌,❌,❌,❌,✅,❌
numpy-base,❌,❌,✅,✅,❌,❌,❌,❌,❌,✅,❌,❌,❌,❌,❌,❌,❌,❌,❌,❌,❌
numpy-devel,❌,❌,❌,❌,❌,❌,❌,❌,❌,✅,❌,❌,❌,❌,❌,❌,❌,❌,❌,❌,❌
oauth2client,❌,❌,❌,✅,❌,❌,❌,❌,❌,❌,❌,❌,❌,❌,❌,❌,❌,❌,❌,❌,❌
oauthlib,❌,❌,✅,✅,❌,❌,❌,❌,❌,✅,❌,❌,❌,❌,❌,❌,❌,❌,❌,✅,❌
openjpeg,❌,❌,✅,❌,❌,❌,❌,✅,❌,❌,❌,✅,✅,❌,❌,❌,❌,❌,❌,❌,❌
openldap,❌,❌,❌,❌,❌,❌,❌,❌,❌,❌,❌,❌,✅,❌,❌,❌,❌,❌,❌,❌,❌
_openmp_mutex,✅,❌,✅,✅,✅,❌,✅,✅,✅,✅,✅,✅,✅,✅,❌,✅,✅,✅,❌,✅,❌
openssl,✅,❌,✅,✅,✅,❌,✅,✅,✅,✅,✅,✅,✅,✅,❌,✅,✅,✅,❌,✅,❌
opt-einsum,❌,❌,❌,❌,❌,❌,❌,❌,❌,❌,❌,❌,❌,❌,❌,❌,❌,❌,❌,✅,❌
orc,❌,❌,✅,❌,❌,❌,❌,❌,❌,❌,❌,❌,❌,❌,❌,❌,❌,❌,❌,❌,❌
outcome,❌,❌,❌,❌,❌,❌,❌,❌,❌,✅,❌,❌,❌,❌,❌,❌,❌,❌,❌,❌,❌
overrides,❌,❌,❌,✅,❌,❌,❌,✅,❌,❌,❌,✅,✅,❌,❌,✅,✅,❌,❌,✅,❌
packaging,✅,❌,✅,✅,❌,❌,❌,✅,❌,✅,✅,✅,✅,❌,❌,✅,✅,✅,❌,✅,❌
pandas,❌,❌,✅,✅,❌,❌,❌,✅,❌,✅,❌,✅,✅,❌,❌,❌,❌,❌,❌,❌,❌
pandas-datareader,❌,❌,❌,❌,❌,❌,❌,❌,❌,✅,❌,❌,❌,❌,❌,❌,❌,❌,❌,❌,❌
pandoc,❌,❌,❌,❌,❌,❌,❌,✅,❌,❌,❌,❌,❌,❌,❌,❌,❌,❌,❌,❌,❌
pandocfilters,❌,❌,❌,✅,❌,❌,❌,✅,❌,✅,❌,✅,✅,❌,❌,✅,✅,❌,❌,✅,❌
pango,❌,❌,❌,❌,❌,❌,❌,❌,❌,❌,❌,✅,❌,❌,❌,❌,❌,❌,❌,❌,❌
parsel,❌,❌,❌,❌,❌,❌,❌,❌,❌,✅,❌,❌,✅,❌,❌,❌,❌,❌,❌,❌,❌
parso,❌,❌,✅,✅,❌,❌,❌,✅,❌,✅,✅,✅,✅,❌,❌,✅,✅,❌,❌,✅,❌
partd,❌,❌,❌,❌,❌,❌,❌,✅,❌,❌,❌,❌,❌,❌,❌,❌,❌,❌,❌,❌,❌
pathlib,❌,❌,❌,❌,❌,❌,❌,❌,❌,❌,❌,✅,❌,❌,❌,❌,❌,❌,❌,❌,❌
pathy,❌,❌,❌,❌,❌,❌,❌,❌,❌,❌,❌,✅,❌,❌,❌,❌,❌,❌,❌,❌,❌
patsy,❌,❌,❌,❌,❌,❌,❌,✅,❌,✅,❌,❌,❌,❌,❌,❌,❌,❌,❌,❌,❌
pcre,❌,❌,❌,❌,❌,❌,❌,❌,❌,✅,❌,❌,❌,❌,❌,❌,❌,❌,❌,❌,❌
pcre2,✅,❌,✅,❌,❌,❌,❌,❌,❌,❌,❌,✅,✅,❌,❌,❌,❌,❌,❌,❌,❌
pexpect,❌,❌,✅,✅,❌,❌,❌,✅,❌,✅,✅,✅,✅,❌,❌,✅,✅,❌,❌,✅,❌
pgspecial,❌,❌,❌,❌,❌,❌,❌,❌,❌,✅,❌,❌,❌,❌,❌,❌,❌,❌,❌,❌,❌
pickleshare,❌,❌,❌,❌,❌,❌,❌,✅,❌,✅,✅,✅,❌,❌,❌,✅,✅,❌,❌,✅,❌
pillow,❌,❌,✅,❌,❌,❌,❌,✅,❌,❌,✅,✅,✅,❌,❌,❌,❌,❌,❌,❌,❌
pip,✅,❌,✅,✅,✅,❌,✅,✅,✅,✅,✅,✅,✅,✅,❌,✅,✅,✅,❌,✅,❌
pixman,❌,❌,✅,❌,❌,❌,❌,❌,❌,❌,❌,✅,✅,❌,❌,❌,❌,❌,❌,❌,❌
pkgutil-resolve-name,❌,❌,❌,❌,❌,❌,❌,✅,❌,❌,✅,✅,❌,❌,❌,❌,✅,❌,❌,✅,❌
platformdirs,✅,❌,✅,✅,❌,❌,❌,✅,❌,❌,✅,✅,✅,❌,❌,✅,✅,❌,❌,✅,❌
pluggy,✅,❌,❌,❌,❌,❌,❌,❌,❌,❌,❌,❌,❌,❌,❌,✅,❌,✅,❌,❌,❌
ply,❌,❌,❌,❌,❌,❌,❌,✅,❌,❌,❌,✅,❌,❌,❌,❌,❌,❌,❌,❌,❌
poppler,❌,❌,✅,❌,❌,❌,❌,❌,❌,❌,❌,✅,❌,❌,❌,❌,❌,❌,❌,❌,❌
poppler-data,❌,❌,✅,❌,❌,❌,❌,❌,❌,❌,❌,✅,❌,❌,❌,❌,❌,❌,❌,❌,❌
preshed,❌,❌,❌,❌,❌,❌,❌,❌,❌,❌,❌,✅,❌,❌,❌,❌,❌,❌,❌,❌,❌
prettytable,❌,❌,❌,❌,❌,❌,❌,❌,❌,✅,❌,❌,❌,❌,❌,❌,❌,❌,❌,❌,❌
proj,❌,❌,✅,❌,❌,❌,❌,❌,❌,❌,❌,❌,❌,❌,❌,❌,❌,❌,❌,❌,❌
prometheus-client,❌,❌,❌,❌,❌,❌,❌,❌,❌,❌,❌,❌,❌,❌,❌,✅,❌,❌,❌,❌,❌
prometheus_client,❌,❌,❌,✅,❌,❌,❌,✅,❌,✅,❌,✅,✅,❌,❌,❌,✅,❌,❌,✅,❌
promise,❌,❌,❌,❌,❌,❌,❌,❌,❌,❌,❌,❌,❌,❌,❌,❌,❌,❌,❌,✅,❌
prompt-toolkit,❌,❌,✅,✅,❌,❌,❌,✅,❌,✅,✅,✅,✅,❌,❌,✅,✅,❌,❌,✅,❌
prompt_toolkit,❌,❌,✅,✅,❌,❌,❌,✅,❌,❌,❌,✅,✅,❌,❌,❌,❌,❌,❌,❌,❌
propcache,❌,❌,❌,✅,❌,❌,❌,❌,❌,❌,❌,❌,❌,❌,❌,❌,❌,❌,❌,❌,❌
protego,❌,❌,❌,❌,❌,❌,❌,❌,❌,✅,❌,❌,✅,❌,❌,❌,❌,❌,❌,❌,❌
protobuf,❌,❌,✅,✅,❌,❌,❌,❌,❌,❌,❌,❌,❌,❌,❌,❌,❌,❌,❌,✅,❌
proto-plus,❌,❌,✅,✅,❌,❌,❌,❌,❌,❌,❌,❌,❌,❌,❌,❌,❌,❌,❌,❌,❌
psutil,❌,❌,✅,✅,❌,❌,❌,✅,❌,❌,✅,✅,✅,❌,❌,✅,✅,❌,❌,✅,❌
psycopg2,❌,❌,❌,❌,❌,❌,❌,❌,❌,✅,❌,❌,❌,❌,❌,❌,❌,❌,❌,❌,❌
pthread-stubs,❌,❌,❌,❌,❌,❌,❌,✅,✅,❌,❌,✅,✅,❌,❌,❌,❌,❌,❌,❌,❌
ptyprocess,❌,❌,✅,✅,❌,❌,❌,✅,❌,✅,✅,✅,✅,❌,❌,✅,✅,❌,❌,✅,❌
pulseaudio-client,❌,❌,❌,❌,❌,❌,❌,❌,❌,❌,❌,✅,❌,❌,❌,❌,❌,❌,❌,❌,❌
pure-eval,❌,❌,❌,❌,❌,❌,❌,❌,❌,❌,❌,❌,❌,❌,❌,✅,❌,❌,❌,❌,❌
pure_eval,❌,❌,✅,✅,❌,❌,❌,✅,❌,✅,✅,✅,✅,❌,❌,❌,✅,❌,❌,✅,❌
pyarrow,❌,❌,✅,❌,❌,❌,❌,❌,❌,❌,❌,❌,❌,❌,❌,❌,❌,❌,❌,❌,❌
pyasn1,❌,❌,✅,✅,❌,❌,❌,❌,❌,✅,❌,❌,✅,❌,❌,❌,❌,❌,❌,✅,❌
pyasn1-modules,❌,❌,✅,✅,❌,❌,❌,❌,❌,✅,❌,❌,✅,❌,❌,❌,❌,❌,❌,✅,❌
pybind11-abi,✅,❌,✅,❌,❌,❌,❌,❌,❌,❌,❌,❌,❌,❌,❌,✅,❌,✅,❌,❌,❌
pybtex,❌,❌,❌,❌,❌,❌,❌,❌,❌,❌,✅,❌,❌,❌,❌,❌,❌,❌,❌,❌,❌
pybtex-docutils,❌,❌,❌,❌,❌,❌,❌,❌,❌,❌,✅,❌,❌,❌,❌,❌,❌,❌,❌,❌,❌
pycosat,✅,❌,❌,❌,❌,❌,❌,❌,❌,❌,❌,❌,❌,❌,❌,✅,❌,✅,❌,❌,❌
pycountry,❌,❌,❌,✅,❌,❌,❌,❌,❌,❌,❌,❌,❌,❌,❌,❌,❌,❌,❌,❌,❌
pycparser,✅,❌,✅,✅,❌,❌,❌,✅,❌,✅,❌,✅,✅,❌,❌,✅,✅,✅,❌,✅,❌
pydantic,✅,❌,❌,❌,❌,❌,❌,✅,❌,❌,❌,✅,❌,❌,❌,❌,❌,❌,❌,❌,❌
pydantic-core,✅,❌,❌,❌,❌,❌,❌,❌,❌,❌,❌,✅,❌,❌,❌,❌,❌,❌,❌,❌,❌
pydata-google-auth,❌,❌,✅,❌,❌,❌,❌,❌,❌,❌,❌,❌,❌,❌,❌,❌,❌,❌,❌,❌,❌
pydata-sphinx-theme,❌,❌,❌,❌,❌,❌,❌,❌,❌,❌,✅,❌,❌,❌,❌,❌,❌,❌,❌,❌,❌
pydispatcher,❌,❌,❌,❌,❌,❌,❌,❌,❌,✅,❌,❌,✅,❌,❌,❌,❌,❌,❌,❌,❌
pydot,❌,❌,❌,❌,❌,❌,❌,❌,❌,❌,❌,✅,❌,❌,❌,❌,❌,❌,❌,❌,❌
pydrive,❌,❌,❌,✅,❌,❌,❌,❌,❌,❌,❌,❌,❌,❌,❌,❌,❌,❌,❌,❌,❌
pygments,✅,❌,✅,✅,❌,❌,❌,✅,❌,✅,✅,✅,✅,❌,❌,✅,✅,❌,❌,✅,❌
pyjwt,❌,❌,✅,❌,❌,❌,❌,❌,❌,✅,❌,❌,❌,❌,❌,❌,❌,❌,❌,❌,❌
pymysql,❌,❌,❌,❌,❌,❌,❌,❌,❌,✅,❌,❌,❌,❌,❌,❌,❌,❌,❌,❌,❌
pynndescent,❌,❌,❌,❌,❌,❌,❌,❌,❌,❌,❌,✅,❌,❌,❌,❌,❌,❌,❌,❌,❌
pyopenssl,❌,❌,✅,✅,❌,❌,❌,❌,❌,✅,❌,❌,✅,❌,❌,✅,❌,❌,❌,❌,❌
pyparsing,❌,❌,✅,✅,❌,❌,❌,✅,❌,✅,✅,✅,✅,❌,❌,❌,❌,❌,❌,❌,❌
pyproj,❌,❌,✅,❌,❌,❌,❌,❌,❌,❌,❌,❌,❌,❌,❌,❌,❌,❌,❌,❌,❌
pyqt,❌,❌,❌,❌,❌,❌,❌,❌,❌,✅,❌,✅,❌,❌,❌,❌,❌,❌,❌,❌,❌
pyqt5-sip,❌,❌,❌,❌,❌,❌,❌,❌,❌,❌,❌,✅,❌,❌,❌,❌,❌,❌,❌,❌,❌
pyrsistent,❌,❌,❌,❌,❌,❌,❌,✅,❌,✅,❌,❌,❌,❌,❌,❌,❌,❌,❌,❌,❌
pyside6,❌,❌,❌,❌,❌,❌,❌,❌,❌,❌,❌,❌,✅,❌,❌,❌,❌,❌,❌,❌,❌
pysocks,✅,❌,✅,✅,✅,❌,❌,✅,❌,✅,✅,✅,✅,❌,❌,✅,✅,✅,❌,✅,❌
python,✅,❌,✅,✅,✅,❌,✅,✅,✅,✅,✅,✅,✅,✅,❌,✅,✅,✅,❌,✅,❌
python_abi,❌,❌,❌,❌,❌,❌,✅,✅,❌,✅,✅,✅,✅,❌,❌,✅,✅,✅,❌,✅,❌
python-crfsuite,❌,❌,❌,❌,❌,❌,❌,✅,❌,❌,❌,❌,❌,❌,❌,❌,❌,❌,❌,❌,❌
python-dateutil,❌,❌,✅,✅,❌,❌,❌,✅,❌,✅,✅,✅,✅,❌,❌,✅,✅,❌,❌,✅,❌
python-dotenv,❌,❌,❌,❌,✅,❌,❌,❌,❌,✅,❌,❌,❌,❌,❌,❌,❌,❌,❌,❌,❌
python-fastjsonschema,❌,❌,❌,✅,❌,❌,❌,✅,❌,✅,✅,✅,✅,❌,❌,❌,✅,❌,❌,✅,❌
python-json-logger,❌,❌,✅,✅,❌,❌,❌,✅,❌,❌,❌,✅,✅,❌,❌,✅,✅,❌,❌,✅,❌
python-levenshtein,❌,❌,❌,❌,❌,❌,❌,✅,❌,❌,❌,❌,❌,❌,❌,❌,❌,❌,❌,❌,❌
python-slugify,❌,❌,❌,❌,❌,❌,❌,❌,❌,❌,✅,❌,❌,❌,❌,❌,❌,❌,❌,❌,❌
python-stdnum,❌,❌,❌,❌,❌,❌,❌,✅,❌,❌,❌,❌,❌,❌,❌,❌,❌,❌,❌,❌,❌
python-tzdata,❌,❌,✅,✅,❌,❌,❌,✅,❌,❌,❌,✅,✅,❌,❌,❌,❌,❌,❌,❌,❌
pytz,❌,❌,✅,✅,❌,❌,❌,✅,❌,✅,✅,✅,✅,❌,❌,❌,✅,❌,❌,✅,❌
pyyaml,❌,❌,✅,✅,❌,❌,❌,✅,❌,❌,✅,✅,✅,❌,❌,✅,✅,❌,❌,✅,❌
pyzmq,❌,❌,✅,✅,❌,❌,❌,✅,❌,✅,✅,✅,✅,❌,❌,✅,✅,❌,❌,✅,❌
qhull,❌,❌,✅,❌,❌,❌,❌,❌,❌,❌,❌,❌,✅,❌,❌,❌,❌,❌,❌,❌,❌
qt,❌,❌,❌,❌,❌,❌,❌,❌,❌,✅,❌,❌,❌,❌,❌,❌,❌,❌,❌,❌,❌
qt6-main,❌,❌,❌,❌,❌,❌,❌,❌,❌,❌,❌,❌,✅,❌,❌,❌,❌,❌,❌,❌,❌
qt-main,❌,❌,❌,❌,❌,❌,❌,❌,❌,❌,❌,✅,❌,❌,❌,❌,❌,❌,❌,❌,❌
queuelib,❌,❌,❌,❌,❌,❌,❌,❌,❌,✅,❌,❌,✅,❌,❌,❌,❌,❌,❌,❌,❌
rapidfuzz,❌,❌,❌,❌,❌,❌,❌,✅,❌,❌,❌,❌,❌,❌,❌,❌,❌,❌,❌,❌,❌
re2,❌,❌,✅,❌,❌,❌,❌,❌,❌,❌,❌,❌,❌,❌,❌,❌,❌,❌,❌,❌,❌
readability-lxml,❌,❌,❌,✅,❌,❌,❌,❌,❌,❌,❌,❌,❌,❌,❌,❌,❌,❌,❌,❌,❌
readline,✅,❌,✅,✅,✅,❌,✅,✅,✅,✅,✅,✅,✅,✅,❌,✅,✅,✅,❌,✅,❌
referencing,❌,❌,❌,✅,❌,❌,❌,❌,❌,❌,✅,✅,✅,❌,❌,✅,✅,❌,❌,✅,❌
regex,❌,❌,❌,✅,❌,❌,❌,✅,❌,❌,❌,❌,❌,❌,❌,❌,❌,❌,❌,❌,❌
reproc,✅,❌,❌,❌,❌,❌,❌,❌,❌,❌,❌,❌,❌,❌,❌,✅,❌,✅,❌,❌,❌
reproc-cpp,✅,❌,❌,❌,❌,❌,❌,❌,❌,❌,❌,❌,❌,❌,❌,✅,❌,✅,❌,❌,❌
requests,✅,❌,✅,✅,✅,❌,❌,✅,❌,✅,✅,✅,✅,❌,❌,✅,✅,✅,❌,✅,❌
requests-file,❌,❌,❌,❌,❌,❌,❌,❌,❌,✅,❌,❌,✅,❌,❌,❌,❌,❌,❌,❌,❌
requests-oauthlib,❌,❌,✅,✅,❌,❌,❌,❌,❌,✅,❌,❌,❌,❌,❌,❌,❌,❌,❌,✅,❌
rfc3339-validator,❌,❌,✅,✅,❌,❌,❌,✅,❌,❌,❌,✅,✅,❌,❌,✅,✅,❌,❌,✅,❌
rfc3986-validator,❌,❌,✅,✅,❌,❌,❌,✅,❌,❌,❌,✅,✅,❌,❌,✅,✅,❌,❌,✅,❌
rich,✅,❌,❌,❌,❌,❌,❌,❌,❌,❌,✅,✅,❌,❌,❌,❌,❌,❌,❌,❌,❌
rpds-py,❌,❌,✅,✅,❌,❌,❌,❌,❌,❌,✅,✅,✅,❌,❌,✅,✅,❌,❌,✅,❌
rsa,❌,❌,✅,✅,❌,❌,❌,❌,❌,❌,❌,❌,❌,❌,❌,❌,❌,❌,❌,✅,❌
rtree,❌,❌,✅,❌,❌,❌,❌,❌,❌,❌,❌,❌,❌,❌,❌,❌,❌,❌,❌,❌,❌
ruamel.yaml,✅,❌,❌,❌,❌,❌,❌,❌,❌,❌,❌,❌,❌,❌,❌,✅,❌,✅,❌,❌,❌
ruamel.yaml.clib,✅,❌,❌,❌,❌,❌,❌,❌,❌,❌,❌,❌,❌,❌,❌,✅,❌,✅,❌,❌,❌
s2n,❌,❌,✅,❌,❌,❌,❌,❌,❌,❌,❌,❌,❌,❌,❌,❌,❌,❌,❌,❌,❌
scikit-learn,❌,❌,✅,❌,❌,❌,❌,✅,❌,✅,❌,✅,❌,❌,❌,❌,❌,❌,❌,❌,❌
scikit-learn-intelex,❌,❌,❌,❌,❌,❌,❌,❌,❌,✅,❌,❌,❌,❌,❌,❌,❌,❌,❌,❌,❌
scipy,❌,❌,✅,❌,❌,❌,❌,✅,❌,✅,❌,✅,❌,❌,❌,❌,❌,❌,❌,✅,❌
scrapy,❌,❌,❌,❌,❌,❌,❌,❌,❌,✅,❌,❌,✅,❌,❌,❌,❌,❌,❌,❌,❌
seaborn,❌,❌,❌,❌,❌,❌,❌,✅,❌,✅,❌,❌,❌,❌,❌,❌,❌,❌,❌,❌,❌
selenium,❌,❌,❌,❌,❌,❌,❌,❌,❌,✅,❌,❌,❌,❌,❌,❌,❌,❌,❌,❌,❌
send2trash,❌,❌,✅,✅,❌,❌,❌,✅,❌,✅,❌,✅,✅,❌,❌,✅,✅,❌,❌,✅,❌
service-identity,❌,❌,❌,❌,❌,❌,❌,❌,❌,❌,❌,❌,✅,❌,❌,❌,❌,❌,❌,❌,❌
service_identity,❌,❌,❌,❌,❌,❌,❌,❌,❌,✅,❌,❌,✅,❌,❌,❌,❌,❌,❌,❌,❌
setuptools,✅,❌,✅,✅,✅,❌,✅,✅,✅,✅,✅,✅,✅,✅,❌,✅,✅,✅,❌,✅,❌
shapely,❌,❌,✅,❌,❌,❌,❌,❌,❌,❌,❌,❌,❌,❌,❌,❌,❌,❌,❌,❌,❌
shellingham,❌,❌,❌,❌,❌,❌,❌,❌,❌,❌,❌,✅,❌,❌,❌,❌,❌,❌,❌,❌,❌
simdjson,✅,❌,❌,❌,❌,❌,❌,❌,❌,❌,❌,❌,❌,❌,❌,❌,❌,❌,❌,❌,❌
sip,❌,❌,❌,❌,❌,❌,❌,❌,❌,✅,❌,✅,❌,❌,❌,❌,❌,❌,❌,❌,❌
six,❌,❌,✅,✅,❌,❌,❌,✅,❌,✅,✅,✅,✅,❌,❌,✅,✅,❌,❌,✅,❌
smart_open,❌,❌,❌,❌,❌,❌,❌,❌,❌,❌,❌,✅,❌,❌,❌,❌,❌,❌,❌,❌,❌
snappy,❌,❌,✅,❌,❌,❌,❌,❌,❌,❌,❌,❌,❌,❌,❌,❌,❌,❌,❌,❌,❌
sniffio,❌,❌,✅,✅,❌,❌,❌,✅,❌,✅,❌,✅,✅,❌,❌,✅,✅,❌,❌,✅,❌
snowballstemmer,❌,❌,❌,❌,❌,❌,❌,❌,❌,❌,✅,❌,❌,❌,❌,❌,❌,❌,❌,❌,❌
snscrape,❌,❌,❌,❌,❌,❌,❌,❌,❌,❌,❌,❌,✅,❌,❌,❌,❌,❌,❌,❌,❌
sortedcontainers,❌,❌,❌,❌,❌,❌,❌,✅,❌,✅,❌,❌,❌,❌,❌,❌,❌,❌,❌,❌,❌
soupsieve,❌,❌,✅,✅,❌,❌,❌,✅,❌,✅,✅,✅,✅,❌,❌,✅,✅,❌,❌,✅,❌
spacy,❌,❌,❌,❌,❌,❌,❌,❌,❌,❌,❌,✅,❌,❌,❌,❌,❌,❌,❌,❌,❌
spacy-legacy,❌,❌,❌,❌,❌,❌,❌,❌,❌,❌,❌,✅,❌,❌,❌,❌,❌,❌,❌,❌,❌
spacy-loggers,❌,❌,❌,❌,❌,❌,❌,❌,❌,❌,❌,✅,❌,❌,❌,❌,❌,❌,❌,❌,❌
spdlog,✅,❌,❌,❌,❌,❌,❌,❌,❌,❌,❌,❌,❌,❌,❌,❌,❌,❌,❌,❌,❌
speechrecognition,❌,❌,❌,❌,❌,❌,❌,❌,❌,❌,❌,❌,❌,❌,❌,❌,✅,❌,❌,❌,❌
sphinx,❌,❌,❌,❌,❌,❌,❌,❌,❌,❌,✅,❌,❌,❌,❌,❌,❌,❌,❌,❌,❌
sphinx-book-theme,❌,❌,❌,❌,❌,❌,❌,❌,❌,❌,✅,❌,❌,❌,❌,❌,❌,❌,❌,❌,❌
sphinx-comments,❌,❌,❌,❌,❌,❌,❌,❌,❌,❌,✅,❌,❌,❌,❌,❌,❌,❌,❌,❌,❌
sphinxcontrib-applehelp,❌,❌,❌,❌,❌,❌,❌,❌,❌,❌,✅,❌,❌,❌,❌,❌,❌,❌,❌,❌,❌
sphinxcontrib-bibtex,❌,❌,❌,❌,❌,❌,❌,❌,❌,❌,✅,❌,❌,❌,❌,❌,❌,❌,❌,❌,❌
sphinxcontrib-devhelp,❌,❌,❌,❌,❌,❌,❌,❌,❌,❌,✅,❌,❌,❌,❌,❌,❌,❌,❌,❌,❌
sphinxcontrib-htmlhelp,❌,❌,❌,❌,❌,❌,❌,❌,❌,❌,✅,❌,❌,❌,❌,❌,❌,❌,❌,❌,❌
sphinxcontrib-jsmath,❌,❌,❌,❌,❌,❌,❌,❌,❌,❌,✅,❌,❌,❌,❌,❌,❌,❌,❌,❌,❌
sphinxcontrib-qthelp,❌,❌,❌,❌,❌,❌,❌,❌,❌,❌,✅,❌,❌,❌,❌,❌,❌,❌,❌,❌,❌
sphinxcontrib-serializinghtml,❌,❌,❌,❌,❌,❌,❌,❌,❌,❌,✅,❌,❌,❌,❌,❌,❌,❌,❌,❌,❌
sphinx-copybutton,❌,❌,❌,❌,❌,❌,❌,❌,❌,❌,✅,❌,❌,❌,❌,❌,❌,❌,❌,❌,❌
sphinx-design,❌,❌,❌,❌,❌,❌,❌,❌,❌,❌,✅,❌,❌,❌,❌,❌,❌,❌,❌,❌,❌
sphinx-external-toc,❌,❌,❌,❌,❌,❌,❌,❌,❌,❌,✅,❌,❌,❌,❌,❌,❌,❌,❌,❌,❌
sphinx-jupyterbook-latex,❌,❌,❌,❌,❌,❌,❌,❌,❌,❌,✅,❌,❌,❌,❌,❌,❌,❌,❌,❌,❌
sphinx-multitoc-numbering,❌,❌,❌,❌,❌,❌,❌,❌,❌,❌,✅,❌,❌,❌,❌,❌,❌,❌,❌,❌,❌
sphinx-thebe,❌,❌,❌,❌,❌,❌,❌,❌,❌,❌,✅,❌,❌,❌,❌,❌,❌,❌,❌,❌,❌
sphinx-togglebutton,❌,❌,❌,❌,❌,❌,❌,❌,❌,❌,✅,❌,❌,❌,❌,❌,❌,❌,❌,❌,❌
sqlalchemy,❌,❌,❌,❌,❌,❌,❌,❌,❌,✅,✅,❌,❌,❌,❌,❌,❌,❌,❌,❌,❌
sqlite,✅,❌,✅,✅,✅,❌,❌,✅,✅,✅,❌,❌,✅,✅,❌,❌,❌,❌,❌,✅,❌
sqlparse,❌,❌,❌,❌,❌,❌,✅,❌,❌,✅,❌,❌,❌,❌,❌,❌,❌,❌,❌,❌,❌
srsly,❌,❌,❌,❌,❌,❌,❌,❌,❌,❌,❌,✅,❌,❌,❌,❌,❌,❌,❌,❌,❌
stack-data,❌,❌,❌,❌,❌,❌,❌,❌,❌,❌,❌,❌,❌,❌,❌,✅,❌,❌,❌,❌,❌
stack_data,❌,❌,✅,✅,❌,❌,❌,✅,❌,✅,✅,✅,✅,❌,❌,❌,✅,❌,❌,✅,❌
statsmodels,❌,❌,❌,❌,❌,❌,❌,✅,❌,✅,❌,❌,❌,❌,❌,❌,❌,❌,❌,❌,❌
tabulate,❌,❌,❌,❌,❌,❌,❌,❌,❌,❌,✅,❌,❌,❌,❌,❌,❌,❌,❌,❌,❌
tbb,❌,❌,✅,✅,❌,❌,❌,❌,❌,✅,❌,✅,❌,❌,❌,❌,❌,❌,❌,✅,❌
tblib,❌,❌,❌,❌,❌,❌,❌,✅,❌,❌,❌,❌,❌,❌,❌,❌,❌,❌,❌,❌,❌
tensorboard,❌,❌,❌,❌,❌,❌,❌,❌,❌,❌,❌,❌,❌,❌,❌,❌,❌,❌,❌,✅,❌
tensorboard-data-server,❌,❌,❌,❌,❌,❌,❌,❌,❌,❌,❌,❌,❌,❌,❌,❌,❌,❌,❌,✅,❌
tensorflow,❌,❌,❌,❌,❌,❌,❌,❌,❌,❌,❌,❌,❌,❌,❌,❌,❌,❌,❌,✅,❌
tensorflow-datasets,❌,❌,❌,❌,❌,❌,❌,❌,❌,❌,❌,❌,❌,❌,❌,❌,❌,❌,❌,✅,❌
tensorflow-estimator,❌,❌,❌,❌,❌,❌,❌,❌,❌,❌,❌,❌,❌,❌,❌,❌,❌,❌,❌,✅,❌
tensorflow-io-gcs-filesystem,❌,❌,❌,❌,❌,❌,❌,❌,❌,❌,❌,❌,❌,❌,❌,❌,❌,❌,❌,✅,❌
tensorflow-metadata,❌,❌,❌,❌,❌,❌,❌,❌,❌,❌,❌,❌,❌,❌,❌,❌,❌,❌,❌,✅,❌
termcolor,❌,❌,❌,❌,❌,❌,❌,❌,❌,❌,❌,❌,❌,❌,❌,❌,❌,❌,❌,✅,❌
terminado,❌,❌,✅,✅,❌,❌,❌,✅,❌,✅,❌,✅,✅,❌,❌,✅,✅,❌,❌,✅,❌
testpath,❌,❌,❌,❌,❌,❌,❌,❌,❌,✅,❌,❌,❌,❌,❌,❌,❌,❌,❌,❌,❌
textblob,❌,❌,❌,✅,❌,❌,❌,❌,❌,❌,❌,❌,❌,❌,❌,❌,❌,❌,❌,❌,❌
text-unidecode,❌,❌,❌,❌,❌,❌,❌,❌,❌,❌,✅,❌,❌,❌,❌,❌,❌,❌,❌,❌,❌
thinc,❌,❌,❌,❌,❌,❌,❌,❌,❌,❌,❌,✅,❌,❌,❌,❌,❌,❌,❌,❌,❌
threadpoolctl,❌,❌,✅,❌,❌,❌,❌,✅,❌,✅,❌,✅,❌,❌,❌,❌,❌,❌,❌,❌,❌
tiledb,❌,❌,✅,❌,❌,❌,❌,❌,❌,❌,❌,❌,❌,❌,❌,❌,❌,❌,❌,❌,❌
tinycss2,❌,❌,✅,✅,❌,❌,❌,✅,❌,❌,❌,✅,✅,❌,❌,✅,✅,❌,❌,✅,❌
tk,✅,❌,✅,✅,✅,❌,✅,✅,✅,✅,✅,✅,✅,✅,❌,✅,✅,✅,❌,✅,❌
tld,❌,❌,❌,✅,❌,❌,❌,❌,❌,❌,❌,❌,❌,❌,❌,❌,❌,❌,❌,❌,❌
tldextract,❌,❌,❌,❌,❌,❌,❌,❌,❌,✅,❌,❌,✅,❌,❌,❌,❌,❌,❌,❌,❌
toml,❌,❌,❌,❌,❌,❌,❌,❌,❌,❌,✅,✅,❌,❌,❌,❌,❌,❌,❌,✅,❌
tomli,❌,❌,✅,✅,❌,❌,❌,✅,❌,❌,❌,✅,✅,❌,❌,✅,✅,❌,❌,✅,❌
toolz,❌,❌,❌,❌,❌,❌,❌,✅,❌,❌,❌,❌,❌,❌,❌,✅,❌,❌,❌,❌,❌
tornado,❌,❌,✅,✅,❌,❌,❌,✅,❌,✅,✅,✅,✅,❌,❌,✅,✅,❌,❌,✅,❌
tqdm,✅,❌,✅,✅,❌,❌,❌,✅,❌,❌,❌,✅,❌,❌,❌,✅,❌,✅,❌,✅,❌
trafilatura,❌,❌,❌,✅,❌,❌,❌,❌,❌,❌,❌,❌,❌,❌,❌,❌,❌,❌,❌,❌,❌
traitlets,❌,❌,✅,✅,❌,❌,❌,✅,❌,✅,✅,✅,✅,❌,❌,✅,✅,❌,❌,✅,❌
trio,❌,❌,❌,❌,❌,❌,❌,❌,❌,✅,❌,❌,❌,❌,❌,❌,❌,❌,❌,❌,❌
trio-websocket,❌,❌,❌,❌,❌,❌,❌,❌,❌,✅,❌,❌,❌,❌,❌,❌,❌,❌,❌,❌,❌
truststore,✅,❌,❌,❌,❌,❌,❌,❌,❌,❌,❌,❌,❌,❌,❌,❌,❌,✅,❌,❌,❌
twisted,❌,❌,❌,❌,❌,❌,❌,❌,❌,✅,❌,❌,✅,❌,❌,❌,❌,❌,❌,❌,❌
typer,❌,❌,❌,❌,❌,❌,❌,❌,❌,❌,❌,✅,❌,❌,❌,❌,❌,❌,❌,❌,❌
types-python-dateutil,❌,❌,✅,❌,❌,❌,❌,✅,❌,❌,✅,✅,❌,❌,❌,✅,✅,❌,❌,❌,❌
typing-extensions,✅,❌,✅,✅,❌,❌,❌,✅,❌,✅,✅,✅,✅,❌,❌,✅,✅,❌,❌,✅,❌
typing_extensions,✅,❌,❌,✅,❌,❌,✅,✅,❌,✅,✅,✅,✅,❌,❌,❌,✅,❌,❌,❌,❌
typing_utils,❌,❌,❌,❌,❌,❌,❌,✅,❌,❌,❌,✅,❌,❌,❌,❌,✅,❌,❌,❌,❌
tzdata,✅,❌,✅,✅,✅,❌,✅,✅,✅,❌,✅,✅,✅,✅,❌,✅,✅,✅,❌,❌,❌
tzlocal,❌,❌,❌,✅,❌,❌,❌,❌,❌,❌,❌,❌,❌,❌,❌,❌,❌,❌,❌,❌,❌
uc-micro-py,❌,❌,❌,❌,❌,❌,❌,❌,❌,❌,✅,❌,❌,❌,❌,❌,❌,❌,❌,❌,❌
umap-learn,❌,❌,❌,❌,❌,❌,❌,❌,❌,❌,❌,✅,❌,❌,❌,❌,❌,❌,❌,❌,❌
unicodedata2,❌,❌,✅,❌,❌,❌,❌,✅,❌,❌,❌,✅,✅,❌,❌,❌,❌,❌,❌,❌,❌
uriparser,❌,❌,✅,❌,❌,❌,❌,❌,❌,❌,❌,❌,❌,❌,❌,❌,❌,❌,❌,❌,❌
uri-template,❌,❌,✅,❌,❌,❌,❌,✅,❌,❌,❌,✅,❌,❌,❌,✅,✅,❌,❌,❌,❌
uritemplate,❌,❌,❌,✅,❌,❌,❌,❌,❌,❌,❌,❌,❌,❌,❌,❌,❌,❌,❌,❌,❌
urllib3,✅,❌,✅,✅,✅,❌,❌,✅,❌,✅,✅,✅,✅,❌,❌,✅,✅,✅,❌,✅,❌
utf8proc,❌,❌,✅,❌,❌,❌,❌,❌,❌,❌,❌,❌,❌,❌,❌,❌,❌,❌,❌,❌,❌
varname,❌,❌,❌,❌,❌,❌,❌,✅,❌,❌,❌,❌,❌,❌,❌,❌,❌,❌,❌,❌,❌
vine,❌,❌,❌,❌,❌,❌,❌,✅,❌,❌,❌,❌,❌,❌,❌,❌,❌,❌,❌,❌,❌
virtualenv,❌,❌,❌,❌,❌,❌,❌,❌,❌,❌,❌,❌,❌,❌,❌,❌,✅,❌,❌,❌,❌
w3lib,❌,❌,❌,❌,❌,❌,❌,❌,❌,✅,❌,❌,✅,❌,❌,❌,❌,❌,❌,❌,❌
wasabi,❌,❌,❌,❌,❌,❌,❌,❌,❌,❌,❌,✅,❌,❌,❌,❌,❌,❌,❌,❌,❌
wayland,❌,❌,❌,❌,❌,❌,❌,❌,❌,❌,❌,❌,✅,❌,❌,❌,❌,❌,❌,❌,❌
wcwidth,❌,❌,✅,✅,❌,❌,❌,✅,❌,✅,✅,✅,✅,❌,❌,✅,✅,❌,❌,✅,❌
weasel,❌,❌,❌,❌,❌,❌,❌,❌,❌,❌,❌,✅,❌,❌,❌,❌,❌,❌,❌,❌,❌
webcolors,❌,❌,✅,❌,❌,❌,❌,✅,❌,❌,❌,✅,❌,❌,❌,✅,✅,❌,❌,❌,❌
webdriver-manager,❌,❌,❌,❌,❌,❌,❌,❌,❌,✅,❌,❌,❌,❌,❌,❌,❌,❌,❌,❌,❌
webencodings,❌,❌,✅,✅,❌,❌,❌,✅,❌,✅,❌,✅,✅,❌,❌,✅,✅,❌,❌,✅,❌
websocket-client,❌,❌,✅,✅,❌,❌,❌,✅,❌,✅,❌,✅,✅,❌,❌,✅,✅,❌,❌,✅,❌
werkzeug,❌,❌,❌,✅,✅,❌,❌,✅,❌,❌,❌,❌,❌,❌,❌,❌,❌,❌,❌,✅,❌
wheel,✅,❌,✅,✅,✅,❌,✅,✅,✅,✅,✅,✅,✅,✅,❌,✅,✅,✅,❌,✅,❌
widgetsnbextension,❌,❌,✅,❌,❌,❌,❌,✅,❌,❌,❌,❌,❌,❌,❌,❌,❌,❌,❌,❌,❌
wordcloud,❌,❌,❌,❌,❌,❌,❌,✅,❌,❌,❌,❌,❌,❌,❌,❌,❌,❌,❌,❌,❌
wrapt,❌,❌,❌,❌,❌,❌,❌,❌,❌,❌,❌,❌,❌,❌,❌,❌,❌,❌,❌,✅,❌
wsproto,❌,❌,❌,❌,❌,❌,❌,❌,❌,✅,❌,❌,❌,❌,❌,❌,❌,❌,❌,❌,❌
xcb-util,❌,❌,❌,❌,❌,❌,❌,❌,❌,❌,❌,✅,✅,❌,❌,❌,❌,❌,❌,❌,❌
xcb-util-cursor,❌,❌,❌,❌,❌,❌,❌,❌,❌,❌,❌,❌,✅,❌,❌,❌,❌,❌,❌,❌,❌
xcb-util-image,❌,❌,❌,❌,❌,❌,❌,❌,❌,❌,❌,✅,✅,❌,❌,❌,❌,❌,❌,❌,❌
xcb-util-keysyms,❌,❌,❌,❌,❌,❌,❌,❌,❌,❌,❌,✅,✅,❌,❌,❌,❌,❌,❌,❌,❌
xcb-util-renderutil,❌,❌,❌,❌,❌,❌,❌,❌,❌,❌,❌,✅,✅,❌,❌,❌,❌,❌,❌,❌,❌
xcb-util-wm,❌,❌,❌,❌,❌,❌,❌,❌,❌,❌,❌,✅,✅,❌,❌,❌,❌,❌,❌,❌,❌
xerces-c,❌,❌,✅,❌,❌,❌,❌,❌,❌,❌,❌,❌,❌,❌,❌,❌,❌,❌,❌,❌,❌
xkeyboard-config,❌,❌,❌,❌,❌,❌,❌,❌,❌,❌,❌,✅,✅,❌,❌,❌,❌,❌,❌,❌,❌
xorg-kbproto,❌,❌,❌,❌,❌,❌,❌,❌,❌,❌,❌,✅,❌,❌,❌,❌,❌,❌,❌,❌,❌
xorg-libice,❌,❌,❌,❌,❌,❌,❌,❌,❌,❌,❌,✅,✅,❌,❌,❌,❌,❌,❌,❌,❌
xorg-libsm,❌,❌,❌,❌,❌,❌,❌,❌,❌,❌,❌,✅,✅,❌,❌,❌,❌,❌,❌,❌,❌
xorg-libx11,❌,❌,❌,❌,❌,❌,❌,❌,✅,❌,❌,✅,✅,❌,❌,❌,❌,❌,❌,❌,❌
xorg-libxau,❌,❌,❌,❌,❌,❌,❌,✅,✅,❌,❌,✅,✅,❌,❌,❌,❌,❌,❌,❌,❌
xorg-libxcomposite,❌,❌,❌,❌,❌,❌,❌,❌,❌,❌,❌,❌,✅,❌,❌,❌,❌,❌,❌,❌,❌
xorg-libxcursor,❌,❌,❌,❌,❌,❌,❌,❌,❌,❌,❌,❌,✅,❌,❌,❌,❌,❌,❌,❌,❌
xorg-libxdamage,❌,❌,❌,❌,❌,❌,❌,❌,❌,❌,❌,❌,✅,❌,❌,❌,❌,❌,❌,❌,❌
xorg-libxdmcp,❌,❌,❌,❌,❌,❌,❌,✅,✅,❌,❌,✅,✅,❌,❌,❌,❌,❌,❌,❌,❌
xorg-libxext,❌,❌,❌,❌,❌,❌,❌,❌,❌,❌,❌,✅,✅,❌,❌,❌,❌,❌,❌,❌,❌
xorg-libxfixes,❌,❌,❌,❌,❌,❌,❌,❌,❌,❌,❌,❌,✅,❌,❌,❌,❌,❌,❌,❌,❌
xorg-libxi,❌,❌,❌,❌,❌,❌,❌,❌,❌,❌,❌,❌,✅,❌,❌,❌,❌,❌,❌,❌,❌
xorg-libxrandr,❌,❌,❌,❌,❌,❌,❌,❌,❌,❌,❌,❌,✅,❌,❌,❌,❌,❌,❌,❌,❌
xorg-libxrender,❌,❌,❌,❌,❌,❌,❌,❌,❌,❌,❌,✅,✅,❌,❌,❌,❌,❌,❌,❌,❌
xorg-libxtst,❌,❌,❌,❌,❌,❌,❌,❌,❌,❌,❌,❌,✅,❌,❌,❌,❌,❌,❌,❌,❌
xorg-libxxf86vm,❌,❌,❌,❌,❌,❌,❌,❌,❌,❌,❌,❌,✅,❌,❌,❌,❌,❌,❌,❌,❌
xorg-renderproto,❌,❌,❌,❌,❌,❌,❌,❌,❌,❌,❌,✅,❌,❌,❌,❌,❌,❌,❌,❌,❌
xorg-xextproto,❌,❌,❌,❌,❌,❌,❌,❌,❌,❌,❌,✅,❌,❌,❌,❌,❌,❌,❌,❌,❌
xorg-xf86vidmodeproto,❌,❌,❌,❌,❌,❌,❌,❌,❌,❌,❌,✅,❌,❌,❌,❌,❌,❌,❌,❌,❌
xorg-xorgproto,❌,❌,❌,❌,❌,❌,❌,❌,✅,❌,❌,❌,❌,❌,❌,❌,❌,❌,❌,❌,❌
xorg-xproto,❌,❌,❌,❌,❌,❌,❌,❌,❌,❌,❌,✅,❌,❌,❌,❌,❌,❌,❌,❌,❌
xyzservices,❌,❌,✅,❌,❌,❌,❌,❌,❌,❌,❌,❌,❌,❌,❌,❌,❌,❌,❌,❌,❌
xz,✅,❌,✅,✅,✅,❌,✅,✅,✅,✅,✅,✅,✅,✅,❌,✅,✅,✅,❌,✅,❌
yaml,❌,❌,❌,✅,❌,❌,❌,✅,❌,❌,✅,✅,✅,❌,❌,❌,✅,❌,❌,✅,❌
yaml-cpp,✅,❌,❌,❌,❌,❌,❌,❌,❌,❌,❌,❌,❌,❌,❌,✅,❌,✅,❌,❌,❌
yarl,❌,❌,✅,✅,❌,❌,❌,✅,❌,❌,❌,❌,❌,❌,❌,❌,❌,❌,❌,❌,❌
y-py,❌,❌,❌,❌,❌,❌,❌,✅,❌,❌,❌,❌,❌,❌,❌,❌,❌,❌,❌,❌,❌
ypy-websocket,❌,❌,❌,❌,❌,❌,❌,✅,❌,❌,❌,❌,❌,❌,❌,❌,❌,❌,❌,❌,❌
zeromq,❌,❌,✅,✅,❌,❌,❌,✅,❌,✅,✅,✅,✅,❌,❌,❌,✅,❌,❌,✅,❌
zict,❌,❌,❌,❌,❌,❌,❌,✅,❌,❌,❌,❌,❌,❌,❌,❌,❌,❌,❌,❌,❌
zipp,❌,❌,❌,✅,✅,❌,❌,✅,❌,✅,✅,✅,✅,❌,❌,❌,✅,❌,❌,✅,❌
zlib,✅,❌,✅,✅,✅,❌,❌,✅,✅,✅,❌,✅,✅,✅,❌,❌,❌,❌,❌,✅,❌
zope.interface,❌,❌,❌,❌,❌,❌,❌,❌,❌,✅,❌,❌,✅,❌,❌,❌,❌,❌,❌,❌,❌
zstandard,✅,❌,❌,❌,❌,❌,❌,❌,❌,❌,❌,❌,✅,❌,❌,✅,❌,✅,❌,❌,❌
zstd,✅,❌,✅,❌,❌,❌,❌,✅,❌,❌,❌,✅,✅,❌,❌,✅,❌,✅,❌,❌,❌
